code;object;action;start_time;end_time;duration;object_group;warning; ; 
1677513654_316034;monitor;hover;43,13842;45,6655;2,52708;;no_warning;;
1677513654_316034;monitor;hover;49,45362;49,49553;0,04191;;no_warning;;
1677513654_316034;monitor;hover;54,31221;55,55128;1,23907;;no_warning;;
1677513654_316034;monitor;select;55,55128;55,60853;0,05725;;no_warning;;
1677513654_316034;monitorpin;beginhighlight;56,33032;64,31921;7,98889;;no_warning;;
1677513654_316034;frame;hover;68,34489;68,35898;0,01409;frame;no_warning;;
1677513654_316034;stickynote;select;67,71844;69,45876;1,74032;;no_warning;;
1677513654_316034;stickynote;select;70,04379;74,10769;4,0639;;no_warning;;
1677513654_316034;stickynote;select;74,88775;76,05802;1,17027;;no_warning;;
1677513654_316034;interactablepen;select;77,78474;82,11475;4,33001;pen;Blur;;
1677513654_316034;stickynote;select;83,06113;87,09891;4,03778;;no_warning;;
1677513654_316034;frame;hover;90,99703;91,02488;0,02785;frame;no_warning;;
1677513654_316034;frame;hover;91,05253;91,09428;0,04175;frame;no_warning;;
1677513654_316034;interactablepen;select;89,63221;93,01526;3,38305;pen;Blur;;
1677513654_316034;frame;hover;94,19888;94,26827;0,06939;frame;no_warning;;
1677513654_316034;frame;hover;101,7158;103,064;1,3482;frame;no_warning;;
1677513654_316034;frame;select;103,064;103,1049;0,0409;frame;no_warning;;
1677513654_316034;frame;hover;105,9335;106,045;0,1115;frame;no_warning;;
1677513654_316034;framepin;entering_pin_time;106,5043;113,1311;6,6268;frame;no_warning;;
1677513654_316034;microphone;hover;120,4973;120,6785;0,1812;;no_warning;;
1677513654_316034;microphone;select;120,6785;121,0961;0,4176;;no_warning;;
1677513654_316034;easel;hover;127,3877;127,5127;0,125;;no_warning;;
1677513654_316034;easel;hover;127,6519;127,7914;0,1395;;no_warning;;
1677513654_316034;plantselector;warningstart;130,8958;131,0213;0,1255;plant;Blur;;
1677513654_316034;plantselector;warningstart;131,0356;132,5241;1,4885;plant;Blur;;
1677513654_316034;plantselector;warningstart;132,5516;132,6215;0,0699;plant;Blur;;
1677513654_316034;plantselector;select;133,1925;133,2763;0,0838;plant;Blur;;
1677513654_316034;plantselector;hover;130,8958;133,2763;2,3805;plant;Blur;;
1677513654_316034;lightswitch;hover;141,1719;142,6612;1,4893;light;no_warning;;
1677513654_316034;lightswitch;hover;153,9524;155,0246;1,0722;light;no_warning;;
1677513654_316034;lightswitch;hover;156,0964;156,4168;0,3204;light;no_warning;;
1677513654_316034;lightswitch;select;156,4168;156,8897;0,4729;light;no_warning;;
1677513654_316034;easel;hover;162,1091;163,3768;1,2677;;no_warning;;
1677513654_316034;easel;select;163,3768;163,405;0,0282;;no_warning;;
1677513654_316034;easel;hover;164,5047;165,7858;1,2811;;no_warning;;
1677513654_316034;blackboardpin;beginhighlight;164,1702;171,8564;7,6862;;no_warning;;
1678202603_90758;monitor;hover;120,331;124,1319;3,8009;;no_warning;;
1678202603_90758;monitor;hover;127,4744;131,6374;4,163;;no_warning;;
1678202603_90758;monitor;hover;132,6942;132,842;0,1478;;no_warning;;
1678202603_90758;monitor;hover;134,8597;135,1714;0,3117;;no_warning;;
1678202603_90758;monitor;hover;151,0475;151,3301;0,2826;;no_warning;;
1678202603_90758;clipboard;select;152,1605;166,8946;14,7341;;no_warning;;
1678202603_90758;monitor;hover;167,3952;171,7696;4,3744;;no_warning;;
1678202603_90758;easel;hover;172,3518;174,2709;1,9191;;no_warning;;
1678202603_90758;easel;select;174,2709;174,2992;0,0283;;no_warning;;
1678202603_90758;easel;hover;174,647;174,7592;0,1122;;no_warning;;
1678202603_90758;blackboardpin;beginhighlight;174,9808;190,2028;15,222;;no_warning;;
1678202603_90758;clipboard;select;192,9167;200,1409;7,2242;;no_warning;;
1678202603_90758;light_popup;hover;201,7062;213,3564;11,6502;light;popup;;
1678202603_90758;lightswitch;hover;215,8513;216,6031;0,7518;light;popup;;
1678202603_90758;lightswitch;select;216,6031;216,8122;0,2091;light;popup;;
1678202603_90758;monitor;hover;219,2895;219,3572;0,0677;;no_warning;;
1678202603_90758;clipboard;select;220,0394;240,0821;20,0427;;no_warning;;
1678202603_90758;monitor;hover;240,4993;240,5947;0,0954;;no_warning;;
1678202603_90758;monitor;hover;240,6922;240,7936;0,1014;;no_warning;;
1678202603_90758;stickynote;hover;241,3867;241,8328;0,4461;;no_warning;;
1678202603_90758;stickynote;select;241,8328;245,8858;4,053;;no_warning;;
1678202603_90758;monitor;hover;247,4308;247,5704;0,1396;;no_warning;;
1678202603_90758;clipboard;select;253,6172;263,7245;10,1073;;no_warning;;
1678202603_90758;monitor;hover;264,2806;264,6135;0,3329;;no_warning;;
1678202603_90758;frame_popup;hover;264,8479;269,5147;4,6668;frame;popup;;
1678202603_90758;paint;hover;269,5147;269,9738;0,4591;frame;popup;;
1678202603_90758;plantselector;select;272,006;272,0756;0,0696;plant;no_warning;;
1678202603_90758;plantselector;hover;270,1925;272,0756;1,8831;plant;no_warning;;
1678202603_90758;paint;hover;274,5971;274,8066;0,2095;frame;popup;;
1678202603_90758;paint;hover;275,742;275,8255;0,0835;frame;popup;;
1678202603_90758;monitor;hover;275,922;275,9481;0,0261;;no_warning;;
1678202603_90758;monitor;hover;275,9903;276,2954;0,3051;;no_warning;;
1678202603_90758;monitor;hover;276,4773;276,5751;0,0978;;no_warning;;
1678202603_90758;clipboard;select;277,0486;283,0917;6,0431;;no_warning;;
1678202603_90758;monitor;hover;283,4957;285,9878;2,4921;;no_warning;;
1678202603_90758;monitor;select;285,9878;286,0163;0,0285;;no_warning;;
1678202603_90758;monitor;hover;286,4898;286,5776;0,0878;;no_warning;;
1678202603_90758;monitorpin;beginhighlight;286,0292;298,3549;12,3257;;no_warning;;
1678202603_90758;clipboard;select;307,5827;319,029;11,4463;;no_warning;;
1678202603_90758;paint;hover;321,0502;322,3128;1,2626;frame;popup;;
1678202603_90758;paint;select;322,3128;322,3784;0,0656;frame;popup;;
1678202603_90758;paint;select;326,3397;326,6883;0,3486;frame;popup;;
1678202603_90758;paint;hover;329,3732;329,5275;0,1543;frame;popup;;
1678202603_90758;framepin;entering_pin_time;323,0421;342,1747;19,1326;frame;popup;;
1678202603_90758;clipboard;select;365,4241;387,7531;22,329;;no_warning;;
1678202603_90758;clipboard;select;414,8595;418,3012;3,4417;;no_warning;;
1678202603_90758;interactablepen;hover;420,5009;420,7228;0,2219;pen;no_warning;;
1678202603_90758;interactablepen;hover;423,1601;423,742;0,5819;pen;no_warning;;
1678202603_90758;interactablepen;select;423,742;428,3333;4,5913;pen;no_warning;;
1678202603_90758;microphone;hover;440,408;440,4237;0,0157;;no_warning;;
1678202603_90758;microphone;hover;440,5194;440,5758;0,0564;;no_warning;;
1678202603_90758;microphone;hover;440,6864;440,7851;0,0987;;no_warning;;
1678202603_90758;microphone;select;440,7851;440,9504;0,1653;;no_warning;;
1678221415_158757;monitor;hover;98,00651;99,81856;1,81205;;no_warning;;
1678221415_158757;clipboard;hover;100,7493;100,93;0,1807;;no_warning;;
1678221415_158757;easel;hover;105,1082;105,2464;0,1382;;no_warning;;
1678221415_158757;lightswitch;hover;105,4679;105,6774;0,2095;light;no_warning;;
1678221415_158757;lightswitch;select;100,93;105,788;4,858;light;no_warning;;
1678221415_158757;easel;hover;105,9544;107,1364;1,182;;no_warning;;
1678221415_158757;pen_popup;beginhighlight;109,2071;110,9294;1,7223;pen;popup;;
1678221415_158757;pen_popup;open;105,0815;110,9294;5,8479;pen;popup;;
1678221415_158757;interactablepen;select;112,4013;114,1089;1,7076;pen;popup;;
1678221415_158757;monitor;hover;115,1079;115,7744;0,6665;;no_warning;;
1678221415_158757;plantselector;warningstart;120,0875;120,1031;0,0156;plant;popup;;
1678221415_158757;plant_popup;hover;120,0875;122,9909;2,9034;plant;popup;;
1678221415_158757;plantselector;warningstart;123,0062;123,0602;0,054;plant;popup;;
1678221415_158757;plantselector;warningstart;123,3248;123,3388;0,014;plant;popup;;
1678221415_158757;plantselector;warningstart;123,3946;123,4775;0,0829;plant;popup;;
1678221415_158757;plantselector;warningstart;123,603;123,6585;0,0555;plant;popup;;
1678221415_158757;plantselector;warningstart;123,6719;123,7419;0,07;plant;popup;;
1678221415_158757;plantselector;warningstart;123,7558;123,9501;0,1943;plant;popup;;
1678221415_158757;plantselector;warningstart;123,9784;125,7694;1,791;plant;popup;;
1678221415_158757;plantselector;warningstart;125,7838;130,1833;4,3995;plant;popup;;
1678221415_158757;plantselector;warningstart;130,2109;130,3363;0,1254;plant;popup;;
1678221415_158757;plantselector;warningstart;130,3496;130,7524;0,4028;plant;popup;;
1678221415_158757;plantselector;select;132,8085;132,9888;0,1803;plant;popup;;
1678221415_158757;plantselector;hover;123,0062;132,9888;9,9826;plant;popup;;
1678221415_158757;interactablepen;select;135,9067;137,7675;1,8608;pen;popup;;
1678221415_158757;frame;hover;138,5866;138,947;0,3604;frame;no_warning;;
1678221415_158757;easel;hover;141,4875;142,3333;0,8458;;no_warning;;
1678221415_158757;easel;select;142,3333;142,3509;0,0176;;no_warning;;
1678221415_158757;blackboardpin;beginhighlight;142,8884;148,8459;5,9575;;no_warning;;
1678221415_158757;monitor;hover;157,6075;157,9121;0,3046;;no_warning;;
1678221415_158757;frame;hover;158,1062;158,9945;0,8883;frame;no_warning;;
1678221415_158757;frame;select;158,9945;159,0791;0,0846;frame;no_warning;;
1678221415_158757;framepin;entering_pin_time;159,7996;166,4228;6,6232;frame;no_warning;;
1678221415_158757;monitor;hover;169,5614;170,1447;0,5833;;no_warning;;
1678221415_158757;monitor;select;170,1447;170,1873;0,0426;;no_warning;;
1678221415_158757;monitorpin;beginhighlight;170,8083;176,6696;5,8613;;no_warning;;
1678221415_158757;stickynote;hover;181,3215;181,4604;0,1389;;no_warning;;
1678221415_158757;stickynote;select;181,4604;183,4045;1,9441;;no_warning;;
1678221415_158757;stickynote;hover;184,2239;184,3767;0,1528;;no_warning;;
1678221415_158757;stickynote;select;184,3767;186,0569;1,6802;;no_warning;;
1678221415_158757;microphone;hover;190,2077;190,3467;0,139;;no_warning;;
1678221415_158757;microphone;hover;190,7907;190,8188;0,0281;;no_warning;;
1678221415_158757;microphone;select;190,8188;190,9574;0,1386;;no_warning;;
1678221415_158757;clipboard;hover;195,3439;195,5806;0,2367;;no_warning;;
1678221415_158757;clipboard;hover;196,0244;196,2749;0,2505;;no_warning;;
1677089207_319460;monitor;hover;69,98609;70,80138;0,81529;;no_warning;;
1677089207_319460;monitor;hover;71,34514;74,75744;3,4123;;no_warning;;
1677089207_319460;monitor;hover;74,95242;78,80998;3,85756;;no_warning;;
1677089207_319460;clipboard;select;79,12904;80,89782;1,76878;;no_warning;;
1677089207_319460;monitor;hover;82,15131;82,38808;0,23677;;no_warning;;
1677089207_319460;monitor;hover;82,72257;83,26567;0,5431;;no_warning;;
1677089207_319460;clipboard;select;82,62507;89,83801;7,21294;;no_warning;;
1677089207_319460;monitor;select;94,57212;94,58805;0,01593;;no_warning;;
1677089207_319460;monitor;select;95,95003;95,99178;0,04175;;no_warning;;
1677089207_319460;monitor;hover;96,47946;96,59064;0,11118;;no_warning;;
1677089207_319460;monitor;hover;96,98087;97,03659;0,05572;;no_warning;;
1677089207_319460;monitorpin;beginhighlight;96,35414;101,784;5,42986;;no_warning;;
1677089207_319460;clipboard;select;103,538;107,1297;3,5917;;no_warning;;
1677089207_319460;clipboard;select;107,7418;107,7975;0,0557;;no_warning;;
1677089207_319460;stickynote;hover;108,3124;108,4935;0,1811;;no_warning;;
1677089207_319460;frame;select;115,0907;115,3687;0,278;frame;Blur;;
1677089207_319460;framepin;entering_pin_time;116,0232;122,0666;6,0434;frame;Blur;;
1677089207_319460;clipboard;select;123,7513;125,3385;1,5872;;no_warning;;
1677089207_319460;clipboard;select;126,2159;130,2244;4,0085;;no_warning;;
1677089207_319460;clipboard;select;131,1158;131,1434;0,0276;;no_warning;;
1677089207_319460;frame;select;132,6054;132,6885;0,0831;frame;Blur;;
1677089207_319460;framepin;entering_pin_time;133,2177;140,6667;7,449;frame;Blur;;
1677089207_319460;frame;select;143,158;143,1732;0,0152;frame;Blur;;
1677089207_319460;stickynote;hover;148,4485;148,5182;0,0697;;no_warning;;
1677089207_319460;framepin;entering_pin_time;143,6313;149,284;5,6527;frame;Blur;;
1677089207_319460;clipboard;select;151,0951;153,7677;2,6726;;no_warning;;
1677089207_319460;clipboard;select;154,1159;154,1993;0,0834;;no_warning;;
1677089207_319460;stickynote;hover;155,8692;156,1201;0,2509;;no_warning;;
1677089207_319460;stickynote;select;156,1201;156,3707;0,2506;;no_warning;;
1677089207_319460;stickynote;hover;158,4729;158,7656;0,2927;;no_warning;;
1677089207_319460;stickynote;select;158,7656;160,4644;1,6988;;no_warning;;
1677089207_319460;stickynote;hover;159,0994;160,631;1,5316;;no_warning;;
1677089207_319460;stickynote;hover;160,7844;161,0488;0,2644;;no_warning;;
1677089207_319460;stickynote;select;161,0488;164,0003;2,9515;;no_warning;;
1677089207_319460;interactablepen;select;167,7862;169,7912;2,005;pen;no_warning;;
1677089207_319460;easel;hover;170,6407;170,6682;0,0275;;no_warning;;
1677089207_319460;lightswitch;hover;170,6682;170,7518;0,0836;light;Blur;;
1677089207_319460;easel;hover;170,7518;170,7802;0,0284;;no_warning;;
1677089207_319460;lightswitch;hover;170,7802;170,8075;0,0273;light;Blur;;
1677089207_319460;lightswitch;hover;171,086;171,2533;0,1673;light;Blur;;
1677089207_319460;easel;hover;171,2533;171,9356;0,6823;;no_warning;;
1677089207_319460;easel;hover;172,0887;172,4366;0,3479;;no_warning;;
1677089207_319460;lightswitch;hover;172,4366;172,7293;0,2927;light;Blur;;
1677089207_319460;easel;hover;172,7293;172,7709;0,0416;;no_warning;;
1677089207_319460;lightswitch;hover;172,7709;172,7986;0,0277;light;Blur;;
1677089207_319460;easel;hover;172,7986;172,9655;0,1669;;no_warning;;
1677089207_319460;easel;select;172,9655;172,981;0,0155;;no_warning;;
1677089207_319460;lightswitch;hover;173,3968;173,4246;0,0278;light;Blur;;
1677089207_319460;easel;hover;173,4246;173,5223;0,0977;;no_warning;;
1677089207_319460;lightswitch;hover;173,5223;173,7594;0,2371;light;Blur;;
1677089207_319460;easel;hover;173,7594;173,8146;0,0552;;no_warning;;
1677089207_319460;lightswitch;hover;173,8146;173,8701;0,0555;light;Blur;;
1677089207_319460;easel;hover;173,8701;175,2624;1,3923;;no_warning;;
1677089207_319460;easel;hover;176,6809;176,9173;0,2364;;no_warning;;
1677089207_319460;blackboardpin;beginhighlight;176,9452;183,8243;6,8791;;no_warning;;
1677089207_319460;lightswitch;hover;187,2768;189,8253;2,5485;light;Blur;;
1677089207_319460;lightswitch;select;189,8253;190,0621;0,2368;light;Blur;;
1677089207_319460;lightswitch;hover;190,7995;190,869;0,0695;light;Blur;;
1677089207_319460;lightswitch;select;190,869;191,0366;0,1676;light;Blur;;
1677089207_319460;lightswitch;hover;191,4956;191,5511;0,0555;light;Blur;;
1677089207_319460;lightswitch;select;191,5511;191,6629;0,1118;light;Blur;;
1677089207_319460;lightswitch;hover;192,122;192,1638;0,0418;light;Blur;;
1677089207_319460;lightswitch;select;192,1638;192,2753;0,1115;light;Blur;;
1677089207_319460;lightswitch;hover;192,7068;192,7901;0,0833;light;Blur;;
1677089207_319460;lightswitch;select;192,7901;193,4998;0,7097;light;Blur;;
1677089207_319460;lightswitch;select;194,4868;194,7506;0,2638;light;Blur;;
1677089207_319460;lightswitch;hover;195,0132;195,069;0,0558;light;Blur;;
1677089207_319460;lightswitch;select;195,069;195,2504;0,1814;light;Blur;;
1677089207_319460;plantselector;select;211,2366;211,4313;0,1947;plant;no_warning;;
1677089207_319460;plantselector;hover;200,7359;211,4313;10,6954;plant;no_warning;;
1677089207_319460;frame;select;218,5311;218,5466;0,0155;frame;Blur;;
1677089207_319460;framepin;entering_pin_time;220,8976;227,9571;7,0595;frame;Blur;;
1677089207_319460;interactablepen;select;234,735;236,1836;1,4486;pen;no_warning;;
1677089207_319460;microphone;hover;242,3359;242,4055;0,0696;;no_warning;;
1677089207_319460;microphone;select;242,4055;242,8092;0,4037;;no_warning;;
1677089207_319460;clipboard;select;244,7314;246,458;1,7266;;no_warning;;
1678395354_924846;monitor;hover;60,91098;63,32409;2,41311;;no_warning;;
1678395354_924846;monitor;hover;63,46346;63,86646;0,403;;no_warning;;
1678395354_924846;monitor;hover;64,10387;64,27106;0,16719;;no_warning;;
1678395354_924846;monitor;hover;66,15047;66,72253;0,57206;;no_warning;;
1678395354_924846;clipboard;hover;67,12662;67,40545;0,27883;;no_warning;;
1678395354_924846;clipboard;select;67,40545;69,14653;1,74108;;no_warning;;
1678395354_924846;interactablepen;hover;70,51052;70,81741;0,30689;pen;no_warning;;
1678395354_924846;lightswitch;halo_on;70,73334;70,91477;0,18143;light;red;;
1678395354_924846;interactablepen;select;70,81741;73,60165;2,78424;pen;no_warning;;
1678395354_924846;monitor;hover;75,06361;75,60716;0,54355;;no_warning;;
1678395354_924846;clipboard;hover;75,77324;76,02412;0,25088;;no_warning;;
1678395354_924846;monitor;hover;76,02412;77,01219;0,98807;;no_warning;;
1678395354_924846;monitor;hover;77,04026;77,09615;0,05589;;no_warning;;
1678395354_924846;easel;hover;77,75009;78,48788;0,73779;;no_warning;;
1678395354_924846;monitor;hover;78,72516;79,04547;0,32031;;no_warning;;
1678395354_924846;frame;hover;79,15782;82,3149;3,15708;frame;red;;
1678395354_924846;frame;select;82,3149;82,38568;0,07078;frame;red;;
1678395354_924846;frame;hover;83,33247;84,19612;0,86365;frame;red;;
1678395354_924846;frame;hover;84,27943;84,52886;0,24943;frame;red;;
1678395354_924846;framepin;entering_pin_time;83,12339;89,49912;6,37573;frame;red;;
1678395354_924846;monitor;hover;91,1295;92,508;1,3785;;no_warning;;
1678395354_924846;stickynote;hover;94,01115;94,42882;0,41767;;no_warning;;
1678395354_924846;stickynote;select;94,42882;96,43243;2,00361;;no_warning;;
1678395354_924846;monitor;hover;96,82251;96,9893;0,16679;;no_warning;;
1678395354_924846;monitor;hover;97,08704;97,60234;0,5153;;no_warning;;
1678395354_924846;monitor;hover;97,71322;100,0384;2,32518;;no_warning;;
1678395354_924846;monitor;hover;101,528;105,3284;3,8004;;no_warning;;
1678395354_924846;easel;hover;105,5653;106,2612;0,6959;;no_warning;;
1678395354_924846;easel;select;106,2612;106,4239;0,1627;;no_warning;;
1678395354_924846;blackboardpin;beginhighlight;106,777;112,3174;5,5404;;no_warning;;
1678395354_924846;lightswitch;hover;115,4363;115,7283;0,292;light;red;;
1678395354_924846;lightswitch;hover;116,7031;116,8009;0,0978;light;red;;
1678395354_924846;lightswitch;select;116,8009;116,9399;0,139;light;red;;
1678395354_924846;lightswitch;halo_on;115,4081;117,4823;2,0742;light;red;;
1678395354_924846;monitor;hover;119,4725;120,2805;0,808;;no_warning;;
1678395354_924846;monitor;select;120,2805;120,3082;0,0277;;no_warning;;
1678395354_924846;monitorpin;beginhighlight;120,3247;124,9025;4,5778;;no_warning;;
1678395354_924846;microphone;hover;129,2044;129,3855;0,1811;;no_warning;;
1678395354_924846;microphone;hover;129,9147;129,9423;0,0276;;no_warning;;
1678395354_924846;microphone;select;129,9423;130,2484;0,3061;;no_warning;;
1678395354_924846;plantselector;select;140,4515;140,6463;0,1948;plant;no_warning;;
1678395354_924846;plantselector;hover;133,6996;140,6463;6,9467;plant;no_warning;;
1676986850_359349;monitor;hover;23,57916;25,77651;2,19735;;no_warning;;
1676986850_359349;monitor;hover;26,93005;27,81997;0,88992;;no_warning;;
1676986850_359349;monitor;select;27,81997;27,87699;0,05702;;no_warning;;
1676986850_359349;monitor;hover;28,80601;28,84758;0,04157;;no_warning;;
1676986850_359349;monitor;hover;28,93069;29,16847;0,23778;;no_warning;;
1676986850_359349;monitor;hover;34,16653;34,44451;0,27798;;no_warning;;
1676986850_359349;monitor;hover;35,63844;35,95781;0,31937;;no_warning;;
1676986850_359349;monitorpin;beginhighlight;28,73655;44,94102;16,20447;;no_warning;;
1676986850_359349;clipboard;hover;53,32716;53,74387;0,41671;;no_warning;;
1676986850_359349;clipboard;hover;54,06324;54,10505;0,04181;;no_warning;;
1676986850_359349;clipboard;select;54,10505;55,13192;1,02687;;no_warning;;
1676986850_359349;lightswitch;hover;58,72621;58,78163;0,05542;light;scaleDown;;
1676986850_359349;lightswitch;select;58,78163;59,11524;0,33361;light;scaleDown;;
1676986850_359349;stickynote;hover;65,5441;65,8496;0,3055;;no_warning;;
1676986850_359349;stickynote;select;65,8496;67,89162;2,04202;;no_warning;;
1676986850_359349;microphone;hover;74,34811;74,40392;0,05581;;no_warning;;
1676986850_359349;microphone;select;74,40392;74,64005;0,23613;;no_warning;;
1676986850_359349;interactablepen;hover;79,70774;79,91625;0,20851;pen;no_warning;;
1676986850_359349;interactablepen;select;79,91625;81,80437;1,88812;pen;no_warning;;
1676986850_359349;frame;hover;82,55417;82,58201;0,02784;frame;scaleDown;;
1676986850_359349;plantselector;select;91,38341;91,41097;0,02756;plant;no_warning;;
1676986850_359349;plantselector;hover;88,1764;91,41097;3,23457;plant;no_warning;;
1676986850_359349;frame;hover;94,85503;95,50776;0,65273;frame;scaleDown;;
1676986850_359349;frame;select;95,50776;95,56523;0,05747;frame;scaleDown;;
1676986850_359349;framepin;entering_pin_time;96,17393;101,1868;5,01287;frame;scaleDown;;
1676986850_359349;easel;hover;105,6023;106,4214;0,8191;;no_warning;;
1676986850_359349;easel;select;106,4214;106,4377;0,0163;;no_warning;;
1676986850_359349;blackboardpin;beginhighlight;106,907;111,1006;4,1936;;no_warning;;
1674465944_939134;frame;hover;42,94065;48,86861;5,92796;frame;no_warning;;
1674465944_939134;frame;hover;49,64749;49,75909;0,1116;frame;no_warning;;
1674465944_939134;monitor;hover;51,5506;52,10627;0,55567;;no_warning;;
1674465944_939134;monitor;hover;52,27272;52,38412;0,1114;;no_warning;;
1674465944_939134;monitor;hover;52,98121;53,27256;0,29135;;no_warning;;
1674465944_939134;monitor;hover;54,03644;54,10588;0,06944;;no_warning;;
1674465944_939134;monitor;hover;54,11977;54,88349;0,76372;;no_warning;;
1674465944_939134;interactablepen;hover;55,22944;55,43786;0,20842;pen;red;;
1674465944_939134;monitor;hover;56,11859;57,42403;1,30544;;no_warning;;
1674465944_939134;interactablepen;select;55,43786;59,8675;4,42964;pen;red;;
1674465944_939134;interactablepen;halo_on;54,99462;60,42237;5,42775;pen;red;;
1674465944_939134;monitor;hover;61,22765;61,67182;0,44417;;no_warning;;
1674465944_939134;monitor;hover;62,00562;62,36663;0,36101;;no_warning;;
1674465944_939134;frame;hover;64,09988;64,34986;0,24998;frame;no_warning;;
1674465944_939134;frame;hover;64,55834;65,3227;0,76436;frame;no_warning;;
1674465944_939134;frame;select;65,3227;65,37765;0,05495;frame;no_warning;;
1674465944_939134;frame;hover;67,75347;67,85046;0,09699;frame;no_warning;;
1674465944_939134;framepin;entering_pin_time;66,01711;71,62706;5,60995;frame;no_warning;;
1674465944_939134;frame;hover;71,98785;72,57121;0,58336;frame;no_warning;;
1674465944_939134;frame;select;72,57121;72,61256;0,04135;frame;no_warning;;
1674465944_939134;framepin;entering_pin_time;72,96004;77,29188;4,33184;frame;no_warning;;
1674465944_939134;monitor;hover;81,51279;83,79002;2,27723;;no_warning;;
1674465944_939134;monitor;hover;84,2066;85,15034;0,94374;;no_warning;;
1674465944_939134;monitor;hover;85,4144;85,80305;0,38865;;no_warning;;
1674465944_939134;stickynote;hover;88,59336;88,60757;0,01421;;no_warning;;
1674465944_939134;stickynote;select;88,60757;92,16235;3,55478;;no_warning;;
1674465944_939134;monitor;hover;95,3131;95,36847;0,05537;;no_warning;;
1674465944_939134;plantselector;warningstart;95,93793;95,96632;0,02839;plant;red;;
1674465944_939134;plantselector;warningstart;95,98048;96,00764;0,02716;plant;red;;
1674465944_939134;plantselector;warningstart;96,39532;96,43697;0,04165;plant;red;;
1674465944_939134;plantselector;warningstart;96,89529;98,90865;2,01336;plant;red;;
1674465944_939134;plantselector;warningstart;98,92291;98,96455;0,04164;plant;red;;
1674465944_939134;plantselector;warningstart;99,25615;99,42262;0,16647;plant;red;;
1674465944_939134;plantselector;warningstart;99,46425;100,339;0,87475;plant;red;;
1674465944_939134;plantselector;warningstart;100,5334;100,9083;0,3749;plant;red;;
1674465944_939134;plantselector;select;101,0057;101,0612;0,0555;plant;red;;
1674465944_939134;plantselector;hover;95,93793;101,0612;5,12327;plant;red;;
1674465944_939134;monitor;hover;105,6711;105,9213;0,2502;;no_warning;;
1674465944_939134;easel;hover;106,2961;107,5729;1,2768;;no_warning;;
1674465944_939134;easel;select;107,5729;107,5891;0,0162;;no_warning;;
1674465944_939134;blackboardpin;beginhighlight;108,0307;113,9465;5,9158;;no_warning;;
1674465944_939134;microphone;hover;119,1945;119,4168;0,2223;;no_warning;;
1674465944_939134;microphone;select;119,4168;119,611;0,1942;;no_warning;;
1674465944_939134;lightswitch;hover;125,2335;125,6919;0,4584;light;no_warning;;
1674465944_939134;lightswitch;hover;126,3445;126,9554;0,6109;light;no_warning;;
1674465944_939134;lightswitch;hover;129,01;129,51;0,5;light;no_warning;;
1674465944_939134;lightswitch;hover;130,2321;130,5238;0,2917;light;no_warning;;
1674465944_939134;lightswitch;select;130,5238;130,8571;0,3333;light;no_warning;;
1674465944_939134;monitor;hover;132,2176;132,4674;0,2498;;no_warning;;
1674465944_939134;monitor;hover;132,9397;133,6617;0,722;;no_warning;;
1674465944_939134;monitor;select;133,6617;133,6778;0,0161;;no_warning;;
1674465944_939134;monitorpin;beginhighlight;134,397;140,2706;5,8736;;no_warning;;
1674663855_546219;monitor;hover;305,9681;308,393;2,4249;;no_warning;;
1674663855_546219;monitor;hover;310,6756;310,8983;0,2227;;no_warning;;
1674663855_546219;monitor;hover;311,0094;311,0378;0,0284;;no_warning;;
1674663855_546219;monitor;hover;311,1492;311,1907;0,0415;;no_warning;;
1674663855_546219;monitor;hover;311,3032;311,3442;0,041;;no_warning;;
1674663855_546219;monitor;hover;311,4001;311,4143;0,0142;;no_warning;;
1674663855_546219;monitor;hover;311,9995;312,1669;0,1674;;no_warning;;
1674663855_546219;monitor;hover;312,2083;312,25;0,0417;;no_warning;;
1674663855_546219;pen_popup;beginhighlight;312,4038;314,9389;2,5351;pen;popup;;
1674663855_546219;pen_popup;open;305,4629;314,9389;9,476;pen;popup;;
1674663855_546219;interactablepen;hover;316,2336;316,6932;0,4596;pen;popup;;
1674663855_546219;frame;hover;319,2421;319,3783;0,1362;frame;no_warning;;
1674663855_546219;frame;hover;319,6975;320,4496;0,7521;frame;no_warning;;
1674663855_546219;plantselector;warningstart;320,7985;320,8138;0,0153;plant;popup;;
1674663855_546219;frame;hover;322,2331;322,3725;0,1394;frame;no_warning;;
1674663855_546219;monitor;hover;322,5684;325,215;2,6466;;no_warning;;
1674663855_546219;monitor;hover;325,2705;325,3119;0,0414;;no_warning;;
1674663855_546219;monitor;hover;325,3959;326,0643;0,6684;;no_warning;;
1674663855_546219;monitor;hover;326,1066;326,162;0,0554;;no_warning;;
1674663855_546219;monitor;hover;326,3987;326,719;0,3203;;no_warning;;
1674663855_546219;interactablepen;select;316,6932;328,2085;11,5153;pen;popup;;
1674663855_546219;monitor;hover;329,2944;329,8093;0,5149;;no_warning;;
1674663855_546219;monitor;hover;331,6759;331,8572;0,1813;;no_warning;;
1674663855_546219;monitor;hover;332,929;333,6651;0,7361;;no_warning;;
1674663855_546219;frame;select;334,2785;334,3761;0,0976;frame;no_warning;;
1674663855_546219;monitor;hover;334,4866;334,5977;0,1111;;no_warning;;
1674663855_546219;monitor;hover;334,6532;334,6676;0,0144;;no_warning;;
1674663855_546219;frame;hover;335,6144;342,1303;6,5159;frame;no_warning;;
1674663855_546219;frame;hover;342,2003;342,2278;0,0275;frame;no_warning;;
1674663855_546219;framepin;entering_pin_time;320,7985;344,3588;23,5603;frame;no_warning;;
1674663855_546219;stickynote;hover;349,8726;350,0262;0,1536;;no_warning;;
1674663855_546219;stickynote;select;350,0262;350,9309;0,9047;;no_warning;;
1674663855_546219;stickynote;hover;350,9872;351,2511;0,2639;;no_warning;;
1674663855_546219;stickynote;hover;351,3628;351,7108;0,348;;no_warning;;
1674663855_546219;stickynote;select;351,7108;352,602;0,8912;;no_warning;;
1674663855_546219;stickynote;hover;354,3283;354,5511;0,2228;;no_warning;;
1674663855_546219;stickynote;select;354,5511;358,4784;3,9273;;no_warning;;
1674663855_546219;stickynote;select;359,0627;361,8477;2,785;;no_warning;;
1674663855_546219;stickynote;select;362,5435;363,546;1,0025;;no_warning;;
1674663855_546219;monitor;hover;363,9913;364,2697;0,2784;;no_warning;;
1674663855_546219;monitor;hover;364,3813;364,5208;0,1395;;no_warning;;
1674663855_546219;monitor;hover;364,5345;365,0773;0,5428;;no_warning;;
1674663855_546219;monitor;hover;366,3302;366,5251;0,1949;;no_warning;;
1674663855_546219;plant_popup;hover;367,2765;368,3623;1,0858;plant;popup;;
1674663855_546219;plantselector;warningstart;368,4179;368,4456;0,0277;plant;popup;;
1674663855_546219;plantselector;warningstart;368,7938;368,8219;0,0281;plant;popup;;
1674663855_546219;plantselector;warningstart;368,8635;368,9325;0,069;plant;popup;;
1674663855_546219;plantselector;warningstart;368,9609;369,1693;0,2084;plant;popup;;
1674663855_546219;plantselector;warningstart;369,4344;369,7124;0,278;plant;popup;;
1674663855_546219;plantselector;warningstart;369,7268;370,7015;0,9747;plant;popup;;
1674663855_546219;plantselector;warningstart;370,7707;370,7989;0,0282;plant;popup;;
1674663855_546219;plantselector;warningstart;370,9251;372,0931;1,168;plant;popup;;
1674663855_546219;plantselector;warningstart;372,1074;372,3583;0,2509;plant;popup;;
1674663855_546219;plantselector;warningstart;372,4556;374,766;2,3104;plant;popup;;
1674663855_546219;plantselector;warningstart;374,78;374,8075;0,0275;plant;popup;;
1674663855_546219;plantselector;warningstart;374,836;375,1143;0,2783;plant;popup;;
1674663855_546219;plantselector;warningstart;375,2956;375,3508;0,0552;plant;popup;;
1674663855_546219;plantselector;warningstart;375,3926;376,2276;0,835;plant;popup;;
1674663855_546219;plantselector;warningstart;376,242;376,3671;0,1251;plant;popup;;
1674663855_546219;plantselector;warningstart;376,3811;376,9519;0,5708;plant;popup;;
1674663855_546219;plantselector;warningstart;377,1753;377,2448;0,0695;plant;popup;;
1674663855_546219;plantselector;select;377,8432;377,997;0,1538;plant;popup;;
1674663855_546219;plantselector;hover;368,4179;377,997;9,5791;plant;popup;;
1674663855_546219;clipboard;select;379,8496;382,0227;2,1731;;no_warning;;
1674663855_546219;easel;hover;389,0114;389,2205;0,2091;;no_warning;;
1674663855_546219;easel;hover;389,2621;389,3459;0,0838;;no_warning;;
1674663855_546219;easel;hover;389,3732;390,3065;0,9333;;no_warning;;
1674663855_546219;easel;select;390,3065;390,4736;0,1671;;no_warning;;
1674663855_546219;easel;hover;390,8486;390,9323;0,0837;;no_warning;;
1674663855_546219;easel;hover;392,2692;392,339;0,0698;;no_warning;;
1674663855_546219;easel;hover;392,4782;392,5893;0,1111;;no_warning;;
1674663855_546219;blackboardpin;beginhighlight;390,7376;400,1779;9,4403;;no_warning;;
1674663855_546219;microphone;hover;409,9392;409,9951;0,0559;;no_warning;;
1674663855_546219;microphone;hover;410,0784;410,1897;0,1113;;no_warning;;
1674663855_546219;microphone;hover;413,9626;414,6304;0,6678;;no_warning;;
1674663855_546219;microphone;hover;415,8421;415,8842;0,0421;;no_warning;;
1674663855_546219;microphone;hover;416,7613;416,9279;0,1666;;no_warning;;
1674663855_546219;microphone;hover;416,9561;417,4575;0,5014;;no_warning;;
1674663855_546219;microphone;hover;417,7635;418,1399;0,3764;;no_warning;;
1674663855_546219;microphone;hover;418,5019;418,6266;0,1247;;no_warning;;
1674663855_546219;microphone;hover;419,3646;419,3789;0,0143;;no_warning;;
1674663855_546219;microphone;select;419,3789;420,2003;0,8214;;no_warning;;
1674663855_546219;lightswitch;hover;423,9732;424,2798;0,3066;light;no_warning;;
1674663855_546219;lightswitch;hover;424,7949;425,7836;0,9887;light;no_warning;;
1674663855_546219;lightswitch;hover;426,215;426,2429;0,0279;light;no_warning;;
1674663855_546219;lightswitch;hover;426,2983;426,3405;0,0422;light;no_warning;;
1674663855_546219;lightswitch;hover;426,4098;426,438;0,0282;light;no_warning;;
1674663855_546219;lightswitch;hover;426,4796;426,4934;0,0138;light;no_warning;;
1674663855_546219;lightswitch;hover;426,5634;426,5907;0,0273;light;no_warning;;
1674663855_546219;lightswitch;hover;426,7024;427,635;0,9326;light;no_warning;;
1674663855_546219;lightswitch;hover;428,1228;429,8352;1,7124;light;no_warning;;
1674663855_546219;lightswitch;select;429,8352;430,0164;0,1812;light;no_warning;;
1674663855_546219;lightswitch;select;430,0997;430,225;0,1253;light;no_warning;;
1674663855_546219;lightswitch;select;430,5032;431,0318;0,5286;light;no_warning;;
1674663855_546219;monitor;hover;434,6664;435,3763;0,7099;;no_warning;;
1674663855_546219;monitor;select;435,3763;435,4882;0,1119;;no_warning;;
1674663855_546219;monitorpin;beginhighlight;435,5021;439,553;4,0509;;no_warning;;
1679265010_558758;monitor;hover;180,5468;184,3083;3,7615;;no_warning;;
1679265010_558758;plantselector;warningstart;187,9411;187,957;0,0159;plant;popup;;
1679265010_558758;monitor;hover;191,2548;191,2687;0,0139;;no_warning;;
1679265010_558758;monitor;hover;191,2828;191,3943;0,1115;;no_warning;;
1679265010_558758;monitor;hover;196,7713;197,0083;0,237;;no_warning;;
1679265010_558758;monitor;hover;197,0918;197,5379;0,4461;;no_warning;;
1679265010_558758;monitor;hover;197,7742;198,2199;0,4457;;no_warning;;
1679265010_558758;monitor;hover;201,6023;202,2842;0,6819;;no_warning;;
1679265010_558758;monitor;hover;206,1978;206,8661;0,6683;;no_warning;;
1679265010_558758;clipboard;select;200,2391;222,8782;22,6391;;no_warning;;
1679265010_558758;monitor;hover;223,407;223,8665;0,4595;;no_warning;;
1679265010_558758;easel;select;224,1589;224,3954;0,2365;;no_warning;;
1679265010_558758;blackboardpin;beginhighlight;187,9411;229,1008;41,1597;;no_warning;;
1679265010_558758;monitor;hover;232,5413;232,5684;0,0271;;no_warning;;
1679265010_558758;monitor;hover;232,5968;233,0697;0,4729;;no_warning;;
1679265010_558758;clipboard;select;231,7883;235,5071;3,7188;;no_warning;;
1679265010_558758;microphone;hover;237,4843;237,6091;0,1248;;no_warning;;
1679265010_558758;microphone;hover;238,3056;238,3755;0,0699;;no_warning;;
1679265010_558758;microphone;select;238,3755;238,8631;0,4876;;no_warning;;
1679265010_558758;microphone;hover;239,8929;239,9769;0,084;;no_warning;;
1679265010_558758;microphone;select;239,9769;240,0466;0,0697;;no_warning;;
1679265010_558758;monitor;hover;241,606;241,8281;0,2221;;no_warning;;
1679265010_558758;monitor;hover;241,8844;242,8589;0,9745;;no_warning;;
1679265010_558758;lightswitch;select;243,0116;243,2481;0,2365;light;no_warning;;
1679265010_558758;monitor;hover;243,4989;244,4042;0,9053;;no_warning;;
1679265010_558758;monitor;hover;245,6825;246,0878;0,4053;;no_warning;;
1679265010_558758;monitor;hover;248,859;249,8199;0,9609;;no_warning;;
1679265010_558758;clipboard;select;247,0484;251,6715;4,6231;;no_warning;;
1679265010_558758;monitor;hover;252,0332;252,5354;0,5022;;no_warning;;
1679265010_558758;monitor;hover;252,6049;252,619;0,0141;;no_warning;;
1679265010_558758;monitor;hover;253,1621;253,3014;0,1393;;no_warning;;
1679265010_558758;stickynote;hover;253,6629;253,9691;0,3062;;no_warning;;
1679265010_558758;stickynote;select;253,9691;258,3554;4,3863;;no_warning;;
1679265010_558758;monitor;hover;259,2048;259,5671;0,3623;;no_warning;;
1679265010_558758;clipboard;select;259,9015;264,0084;4,1069;;no_warning;;
1679265010_558758;monitor;hover;264,4678;264,7325;0,2647;;no_warning;;
1679265010_558758;frame;hover;265,2191;265,497;0,2779;frame;no_warning;;
1679265010_558758;frame;hover;266,1916;266,5676;0,376;frame;no_warning;;
1679265010_558758;plant_popup;hover;231,1895;268,6847;37,4952;plant;popup;;
1679265010_558758;plant_popup;open;204,011;268,6847;64,6737;plant;popup;;
1679265010_558758;plantselector;warningstart;268,9075;269,1579;0,2504;plant;popup;;
1679265010_558758;plantselector;warningstart;269,2134;269,4081;0,1947;plant;popup;;
1679265010_558758;plantselector;warningstart;269,4225;270,6743;1,2518;plant;popup;;
1679265010_558758;plantselector;warningstart;270,6879;270,7166;0,0287;plant;popup;;
1679265010_558758;plantselector;select;271,2878;271,329;0,0412;plant;popup;;
1679265010_558758;plantselector;hover;268,9075;271,329;2,4215;plant;popup;;
1679265010_558758;frame;hover;271,9846;272,1378;0,1532;frame;no_warning;;
1679265010_558758;monitor;hover;272,2493;272,389;0,1397;;no_warning;;
1679265010_558758;clipboard;select;273,2953;276,3593;3,064;;no_warning;;
1679265010_558758;monitor;hover;276,79;276,9435;0,1535;;no_warning;;
1679265010_558758;frame;hover;277,2899;281,5368;4,2469;frame;no_warning;;
1679265010_558758;frame;select;281,5368;281,5939;0,0571;frame;no_warning;;
1679265010_558758;framepin;entering_pin_time;281,6896;286,6903;5,0007;frame;no_warning;;
1679265010_558758;monitor;hover;288,9204;289,0179;0,0975;;no_warning;;
1679265010_558758;monitor;hover;289,491;290,3668;0,8758;;no_warning;;
1679265010_558758;monitor;select;290,3668;290,4097;0,0429;;no_warning;;
1679265010_558758;monitorpin;beginhighlight;290,8527;295,3079;4,4552;;no_warning;;
1679265010_558758;clipboard;select;340,6297;345,3782;4,7485;;no_warning;;
1679265010_558758;pen_popup;beginhighlight;299,1233;371,1782;72,0549;pen;popup;;
1679265010_558758;pen_popup;open;317,559;371,1782;53,6192;pen;popup;;
1679265010_558758;interactablepen;hover;371,8468;372,1812;0,3344;pen;popup;;
1679265010_558758;interactablepen;select;372,1812;375,3407;3,1595;pen;popup;;
1677085150_339164;monitor;hover;31,23599;33,06181;1,82582;;no_warning;;
1677085150_339164;clipboard;select;39,94118;42,88441;2,94323;;no_warning;;
1677085150_339164;interactablepen;hover;44,94931;45,19413;0,24482;pen;scaleDown;;
1677085150_339164;interactablepen;select;45,19413;47,47187;2,27774;pen;scaleDown;;
1677085150_339164;monitor;hover;48,43815;48,73838;0,30023;;no_warning;;
1677085150_339164;monitor;hover;49,78155;49,92574;0,14419;;no_warning;;
1677085150_339164;monitor;hover;51,22526;51,25908;0,03382;;no_warning;;
1677085150_339164;monitor;hover;51,30304;52,40072;1,09768;;no_warning;;
1677085150_339164;monitor;hover;52,83415;53,10094;0,26679;;no_warning;;
1677085150_339164;monitor;hover;53,47849;54,05652;0,57803;;no_warning;;
1677085150_339164;monitor;select;54,05652;54,12353;0,06701;;no_warning;;
1677085150_339164;monitorpin;beginhighlight;54,64455;63,25218;8,60763;;no_warning;;
1677085150_339164;easel;hover;68,43969;68,8064;0,36671;;no_warning;;
1677085150_339164;clipboard;select;55,68768;72,12752;16,43984;;no_warning;;
1677085150_339164;stickynote;hover;72,96082;73,26061;0,29979;;no_warning;;
1677085150_339164;stickynote;select;73,26061;75,91534;2,65473;;no_warning;;
1677085150_339164;plantselector;warningstart;79,36783;79,44541;0,07758;plant;scaleDown;;
1677085150_339164;plantselector;warningstart;79,76795;79,84567;0,07772;plant;scaleDown;;
1677085150_339164;plantselector;warningstart;79,85689;79,97911;0,12222;plant;scaleDown;;
1677085150_339164;plantselector;warningstart;80,0013;81,63082;1,62952;plant;scaleDown;;
1677085150_339164;plantselector;warningstart;81,75338;82,53152;0,77814;plant;scaleDown;;
1677085150_339164;plantselector;warningstart;82,54258;83,36395;0,82137;plant;scaleDown;;
1677085150_339164;plantselector;warningstart;83,37532;83,4977;0,12238;plant;scaleDown;;
1677085150_339164;plantselector;warningstart;83,50854;84,95377;1,44523;plant;scaleDown;;
1677085150_339164;plantselector;warningstart;84,96455;85,6869;0,72235;plant;scaleDown;;
1677085150_339164;plantselector;warningstart;85,70905;86,39816;0,68911;plant;scaleDown;;
1677085150_339164;plantselector;warningstart;86,40889;86,60905;0,20016;plant;scaleDown;;
1677085150_339164;plantselector;warningstart;86,62035;86,85354;0,23319;plant;scaleDown;;
1677085150_339164;plantselector;warningstart;86,96419;87,20821;0,24402;plant;scaleDown;;
1677085150_339164;plantselector;warningstart;87,48553;88,2627;0,77717;plant;scaleDown;;
1677085150_339164;plantselector;warningstart;88,27449;88,34093;0,06644;plant;scaleDown;;
1677085150_339164;plantselector;select;89,01857;89,06257;0,044;plant;scaleDown;;
1677085150_339164;plantselector;hover;79,36783;89,06257;9,69474;plant;scaleDown;;
1677085150_339164;frame;select;77,82555;90,8179;12,99235;frame;no_warning;;
1677085150_339164;framepin;entering_pin_time;91,41692;98,43817;7,02125;frame;no_warning;;
1677085150_339164;easel;hover;103,0038;103,7036;0,6998;;no_warning;;
1677085150_339164;easel;select;103,7036;103,7179;0,0143;;no_warning;;
1677085150_339164;blackboardpin;beginhighlight;104,1811;111,4229;7,2418;;no_warning;;
1677085150_339164;clipboard;select;114,1443;116,0662;1,9219;;no_warning;;
1677085150_339164;microphone;hover;118,0866;118,1649;0,0783;;no_warning;;
1677085150_339164;microphone;select;116,2329;118,5424;2,3095;;no_warning;;
1677085150_339164;lightswitch;hover;122,532;122,5541;0,0221;light;no_warning;;
1677085150_339164;lightswitch;select;122,5541;123,1429;0,5888;light;no_warning;;
1677085150_339164;lightswitch;hover;129,2616;129,2834;0,0218;light;no_warning;;
1677085150_339164;lightswitch;select;129,2834;129,6613;0,3779;light;no_warning;;
1677085150_339164;lightswitch;select;130,1829;130,5046;0,3217;light;no_warning;;
1677526614_666585;lightswitch;hover;13,35079;13,658;0,30721;light;scaleDown;;
1677526614_666585;lightswitch;select;13,658;14,89813;1,24013;light;scaleDown;;
1677526614_666585;interactablepen;hover;15,42757;15,64914;0,22157;pen;no_warning;;
1677526614_666585;interactablepen;select;15,64914;18,19913;2,54999;pen;no_warning;;
1677526614_666585;monitor;hover;18,94975;18,99089;0,04114;;no_warning;;
1677526614_666585;frame;hover;19,06198;19,36761;0,30563;frame;scaleDown;;
1677526614_666585;plantselector;select;23,0005;23,02768;0,02718;plant;no_warning;;
1677526614_666585;plantselector;hover;18,79794;23,02768;4,22974;plant;no_warning;;
1677526614_666585;clipboard;select;25,13046;29,29521;4,16475;;no_warning;;
1677526614_666585;easel;hover;30,42238;32,21806;1,79568;;no_warning;;
1677526614_666585;easel;select;32,21806;32,41237;0,19431;;no_warning;;
1677526614_666585;blackboardpin;beginhighlight;32,77408;36,08737;3,31329;;no_warning;;
1677526614_666585;monitor;hover;39,20702;39,22137;0,01435;;no_warning;;
1677526614_666585;monitor;hover;39,80573;40,01444;0,20871;;no_warning;;
1677526614_666585;monitor;hover;46,51638;46,55816;0,04178;;no_warning;;
1677526614_666585;clipboard;select;47,18556;50,7776;3,59204;;no_warning;;
1677526614_666585;monitor;hover;51,22188;52,40567;1,18379;;no_warning;;
1677526614_666585;monitor;select;52,40567;52,53235;0,12668;;no_warning;;
1677526614_666585;monitorpin;beginhighlight;53,04569;56,68016;3,63447;;no_warning;;
1677526614_666585;clipboard;select;58,14203;62,06412;3,92209;;no_warning;;
1677526614_666585;frame;hover;63,51193;65,04623;1,5343;frame;scaleDown;;
1677526614_666585;frame;select;65,04623;65,08727;0,04104;frame;scaleDown;;
1677526614_666585;framepin;entering_pin_time;65,5724;71,67175;6,09935;frame;scaleDown;;
1677526614_666585;stickynote;hover;77,17297;77,18832;0,01535;;no_warning;;
1677526614_666585;stickynote;select;77,18832;78,66288;1,47456;;no_warning;;
1677526614_666585;stickynote;hover;79,23287;79,28871;0,05584;;no_warning;;
1677526614_666585;microphone;hover;81,47543;81,48843;0,013;;no_warning;;
1677526614_666585;microphone;hover;81,57196;81,61443;0,04247;;no_warning;;
1677526614_666585;microphone;hover;81,66912;81,7674;0,09828;;no_warning;;
1677526614_666585;microphone;hover;81,83751;82,12875;0,29124;;no_warning;;
1677526614_666585;microphone;select;82,12875;82,50503;0,37628;;no_warning;;
1678186985_737829;monitor;hover;69,18041;69,6325;0,45209;;no_warning;;
1678186985_737829;monitor;hover;70,44251;71,23246;0,78995;;no_warning;;
1678186985_737829;monitor;hover;71,7551;71,84386;0,08876;;no_warning;;
1678186985_737829;monitor;hover;72,25546;72,88689;0,63143;;no_warning;;
1678186985_737829;easel;hover;73,20923;74,14322;0,93399;;no_warning;;
1678186985_737829;monitor;hover;78,37701;78,66589;0,28888;;no_warning;;
1678186985_737829;monitor;hover;81,68661;81,84229;0,15568;;no_warning;;
1678186985_737829;clipboard;select;76,67716;83,07459;6,39743;;no_warning;;
1678186985_737829;monitor;hover;83,32974;83,34102;0,01128;;no_warning;;
1678186985_737829;clipboard;select;83,19646;83,95191;0,75545;;no_warning;;
1678186985_737829;monitor;hover;84,24086;84,38496;0,1441;;no_warning;;
1678186985_737829;clipboard;select;84,15206;84,5849;0,43284;;no_warning;;
1678186985_737829;stickynote;select;85,39613;86,64015;1,24402;;no_warning;;
1678186985_737829;stickynote;select;87,57317;88,9507;1,37753;;no_warning;;
1678186985_737829;monitor;hover;96,02521;96,32505;0,29984;;no_warning;;
1678186985_737829;stickynote;select;90,09449;105,0881;14,99361;;no_warning;;
1678186985_737829;monitor;hover;105,7213;107,0206;1,2993;;no_warning;;
1678186985_737829;monitor;hover;108,0868;108,2645;0,1777;;no_warning;;
1678186985_737829;clipboard;select;109,5085;110,3636;0,8551;;no_warning;;
1678186985_737829;lightswitch;hover;110,8301;110,9301;0,1;light;no_warning;;
1678186985_737829;lightswitch;select;110,9301;111,1524;0,2223;light;no_warning;;
1678186985_737829;monitor;hover;113,4958;113,6178;0,122;;no_warning;;
1678186985_737829;clipboard;select;115,9178;118,6824;2,7646;;no_warning;;
1678186985_737829;interactablepen;hover;119,3821;119,5934;0,2113;pen;Blur;;
1678186985_737829;monitor;hover;120,0712;120,4712;0,4;;no_warning;;
1678186985_737829;interactablepen;select;119,5934;121,6039;2,0105;pen;Blur;;
1678186985_737829;monitor;hover;122,1812;122,3032;0,122;;no_warning;;
1678186985_737829;clipboard;select;123,0145;129,0118;5,9973;;no_warning;;
1678186985_737829;monitor;select;130,3557;130,4888;0,1331;;no_warning;;
1678186985_737829;monitor;hover;130,7776;131,2435;0,4659;;no_warning;;
1678186985_737829;monitorpin;beginhighlight;131,3659;138,2522;6,8863;;no_warning;;
1678186985_737829;clipboard;select;139,874;144,7273;4,8533;;no_warning;;
1678186985_737829;easel;hover;145,6605;150,1918;4,5313;;no_warning;;
1678186985_737829;easel;select;144,8943;150,3364;5,4421;;no_warning;;
1678186985_737829;blackboardpin;beginhighlight;150,7687;155,1784;4,4097;;no_warning;;
1678186985_737829;frame;hover;158,976;161,3193;2,3433;frame;no_warning;;
1678186985_737829;plantselector;warningstart;161,5633;161,608;0,0447;plant;Blur;;
1678186985_737829;plantselector;warningstart;161,6191;161,6524;0,0333;plant;Blur;;
1678186985_737829;plantselector;warningstart;161,6745;161,7076;0,0331;plant;Blur;;
1678186985_737829;plantselector;warningstart;161,8746;161,8967;0,0221;plant;Blur;;
1678186985_737829;plantselector;warningstart;161,9191;162,1966;0,2775;plant;Blur;;
1678186985_737829;plantselector;warningstart;162,2076;163,5178;1,3102;plant;Blur;;
1678186985_737829;plantselector;warningstart;163,5287;163,5402;0,0115;plant;Blur;;
1678186985_737829;plantselector;warningstart;163,5515;165,1288;1,5773;plant;Blur;;
1678186985_737829;plantselector;warningstart;165,1513;166,4058;1,2545;plant;Blur;;
1678186985_737829;plantselector;warningstart;166,4174;166,4617;0,0443;plant;Blur;;
1678186985_737829;plantselector;warningstart;166,4728;167,2169;0,7441;plant;Blur;;
1678186985_737829;plantselector;warningstart;167,2279;167,9382;0,7103;plant;Blur;;
1678186985_737829;plantselector;warningstart;167,9604;168,049;0,0886;plant;Blur;;
1678186985_737829;plantselector;select;168,6162;168,7824;0,1662;plant;Blur;;
1678186985_737829;plantselector;hover;161,5633;168,7824;7,2191;plant;Blur;;
1678186985_737829;frame;hover;172,8912;173,2355;0,3443;frame;no_warning;;
1678186985_737829;frame;hover;173,336;174,8134;1,4774;frame;no_warning;;
1678186985_737829;frame;select;174,8134;174,859;0,0456;frame;no_warning;;
1678186985_737829;frame;hover;175,6685;175,7353;0,0668;frame;no_warning;;
1678186985_737829;frame;hover;176,1463;176,2355;0,0892;frame;no_warning;;
1678186985_737829;framepin;entering_pin_time;176,4576;182,0557;5,5981;frame;no_warning;;
1678186985_737829;microphone;hover;186,5654;186,8214;0,256;;no_warning;;
1678186985_737829;microphone;select;186,8214;187,0653;0,2439;;no_warning;;
1674623504_295689;monitor;hover;26,9689;27,03911;0,07021;;no_warning;;
1674623504_295689;monitor;hover;27,56771;27,67947;0,11176;;no_warning;;
1674623504_295689;interactablepen;halo_on;32,16413;32,27485;0,11072;pen;red;;
1674623504_295689;clipboard;select;28,65448;32,34481;3,69033;;no_warning;;
1674623504_295689;interactablepen;halo_on;32,31675;32,42781;0,11106;pen;red;;
1674623504_295689;interactablepen;halo_on;36,53408;36,92397;0,38989;pen;red;;
1674623504_295689;interactablepen;halo_on;37,24434;37,28627;0,04193;pen;red;;
1674623504_295689;interactablepen;halo_on;37,32758;37,34179;0,01421;pen;red;;
1674623504_295689;lightswitch;hover;39,34705;39,59779;0,25074;light;no_warning;;
1674623504_295689;lightswitch;select;39,59779;39,65487;0,05708;light;no_warning;;
1674623504_295689;monitor;hover;40,19645;40,2936;0,09715;;no_warning;;
1674623504_295689;monitor;hover;40,36332;40,40509;0,04177;;no_warning;;
1674623504_295689;monitor;hover;43,10511;43,2446;0,13949;;no_warning;;
1674623504_295689;monitor;hover;43,30058;43,3424;0,04182;;no_warning;;
1674623504_295689;monitor;hover;44,957;44,98466;0,02766;;no_warning;;
1674623504_295689;monitor;hover;45,16571;45,70818;0,54247;;no_warning;;
1674623504_295689;stickynote;hover;45,79166;45,94487;0,15321;;no_warning;;
1674623504_295689;stickynote;hover;46,16726;46,3906;0,22334;;no_warning;;
1674623504_295689;monitor;hover;50,09488;50,17845;0,08357;;no_warning;;
1674623504_295689;stickynote;hover;50,88803;51,30587;0,41784;;no_warning;;
1674623504_295689;plantselector;warningstart;52,68498;52,89324;0,20826;plant;red;;
1674623504_295689;plantselector;warningstart;53,32477;53,42208;0,09731;plant;red;;
1674623504_295689;plantselector;warningstart;54,06211;54,14531;0,0832;plant;red;;
1674623504_295689;plantselector;warningstart;54,54884;54,57701;0,02817;plant;red;;
1674623504_295689;plantselector;warningstart;54,59064;54,70258;0,11194;plant;red;;
1674623504_295689;plantselector;warningstart;55,03659;55,71855;0,68196;plant;red;;
1674623504_295689;plantselector;warningstart;55,74657;55,82954;0,08297;plant;red;;
1674623504_295689;plantselector;warningstart;55,99708;56,1082;0,11112;plant;red;;
1674623504_295689;plantselector;warningstart;56,13623;56,30322;0,16699;plant;red;;
1674623504_295689;plantselector;warningstart;56,31724;56,58213;0,26489;plant;red;;
1674623504_295689;plantselector;warningstart;56,5957;56,66549;0,06979;plant;red;;
1674623504_295689;plantselector;warningstart;56,70694;56,73499;0,02805;plant;red;;
1674623504_295689;plantselector;warningstart;56,76349;57,16784;0,40435;plant;red;;
1674623504_295689;plantselector;warningstart;57,29189;57,30608;0,01419;plant;red;;
1674623504_295689;plantselector;select;57,4178;57,43166;0,01386;plant;red;;
1674623504_295689;plantselector;hover;52,68498;57,43166;4,74668;plant;red;;
1674623504_295689;monitor;hover;65,27176;65,34155;0,06979;;no_warning;;
1674623504_295689;monitor;hover;65,38361;65,78754;0,40393;;no_warning;;
1674623504_295689;interactablepen;select;69,63159;72,45715;2,82556;pen;red;;
1674623504_295689;interactablepen;halo_on;69,26942;73,11124;3,84182;pen;red;;
1674623504_295689;monitor;hover;73,38973;73,76566;0,37593;;no_warning;;
1674623504_295689;easel;select;81,28503;81,3277;0,04267;;no_warning;;
1674623504_295689;monitor;hover;81,84133;82,36936;0,52803;;no_warning;;
1674623504_295689;interactablepen;halo_on;84,66708;84,91775;0,25067;pen;red;;
1674623504_295689;interactablepen;halo_on;85,82272;85,96181;0,13909;pen;red;;
1674623504_295689;interactablepen;halo_on;87,08951;87,18745;0,09794;pen;red;;
1674623504_295689;blackboardpin;beginhighlight;90,78009;106,9684;16,18831;;no_warning;;
1674623504_295689;monitor;hover;110,7008;110,7426;0,0418;;no_warning;;
1674623504_295689;monitor;hover;111,0626;111,0903;0,0277;;no_warning;;
1674623504_295689;monitor;hover;111,8847;112,5253;0,6406;;no_warning;;
1674623504_295689;monitor;select;112,5253;112,5686;0,0433;;no_warning;;
1674623504_295689;monitor;hover;115,071;115,1126;0,0416;;no_warning;;
1674623504_295689;monitor;hover;121,1281;121,1566;0,0285;;no_warning;;
1674623504_295689;monitorpin;beginhighlight;113,1377;126,4607;13,323;;no_warning;;
1674623504_295689;stickynote;hover;129,023;129,2597;0,2367;;no_warning;;
1674623504_295689;stickynote;select;129,2597;131,7237;2,464;;no_warning;;
1674623504_295689;interactablepen;halo_on;135,5939;135,7328;0,1389;pen;red;;
1674623504_295689;interactablepen;halo_on;137,0559;137,6965;0,6406;pen;red;;
1674623504_295689;interactablepen;halo_on;139,4227;143,2796;3,8569;pen;red;;
1674623504_295689;microphone;hover;146,7444;146,772;0,0276;;no_warning;;
1674623504_295689;microphone;select;146,772;146,9394;0,1674;;no_warning;;
1674623504_295689;interactablepen;halo_on;153,7216;153,7354;0,0138;pen;red;;
1674623504_295689;interactablepen;halo_on;153,7631;153,8746;0,1115;pen;red;;
1674623504_295689;interactablepen;halo_on;153,9166;155,2499;1,3333;pen;red;;
1674623504_295689;interactablepen;halo_on;155,3062;155,334;0,0278;pen;red;;
1674623504_295689;clipboard;select;156,7545;159,4279;2,6734;;no_warning;;
1674623504_295689;interactablepen;halo_on;159,971;160,0679;0,0969;pen;red;;
1674623504_295689;frame;select;162,756;162,8269;0,0709;frame;no_warning;;
1674623504_295689;interactablepen;halo_on;190,4879;190,8362;0,3483;pen;red;;
1674623504_295689;frame;select;197,0162;197,0441;0,0279;frame;no_warning;;
1674623504_295689;frame;select;198,0186;198,0465;0,0279;frame;no_warning;;
1674623504_295689;frame;select;198,5616;198,5893;0,0277;frame;no_warning;;
1674623504_295689;frame;select;201,2074;201,2485;0,0411;frame;no_warning;;
1674623504_295689;interactablepen;halo_on;201,3045;201,5272;0,2227;pen;red;;
1674623504_295689;frame;select;213,5294;213,5437;0,0143;frame;no_warning;;
1674623504_295689;interactablepen;halo_on;220,2117;221,4079;1,1962;pen;red;;
1674623504_295689;interactablepen;halo_on;222,0069;222,3834;0,3765;pen;red;;
1674623504_295689;framepin;entering_pin_time;167,6127;223,5948;55,9821;frame;no_warning;;
1674623504_295689;frame;select;225,682;225,699;0,017;frame;no_warning;;
1674623504_295689;interactablepen;halo_on;232,8262;233,0892;0,263;pen;red;;
1674623504_295689;framepin;entering_pin_time;226,5721;243,9334;17,3613;frame;no_warning;;
1680671198_151651;clipboard;hover;45,65736;48,54445;2,88709;;no_warning;;
1680671198_151651;clipboard;hover;49,06858;49,8893;0,82072;;no_warning;;
1680671198_151651;monitor;hover;52,48679;52,5205;0,03371;;no_warning;;
1680671198_151651;clipboard;hover;52,62074;52,91047;0,28973;;no_warning;;
1680671198_151651;monitor;hover;53,44545;54,2816;0,83615;;no_warning;;
1680671198_151651;monitor;hover;54,40401;55,5059;1,10189;;no_warning;;
1680671198_151651;interactablepen;hover;56,08547;56,1415;0,05603;pen;no_warning;;
1680671198_151651;interactablepen;select;52,91047;58,70355;5,79308;pen;no_warning;;
1680671198_151651;monitor;hover;60,69718;60,83063;0,13345;;no_warning;;
1680671198_151651;monitor;hover;61,85727;61,90071;0,04344;;no_warning;;
1680671198_151651;monitor;hover;62,08704;66,56662;4,47958;;no_warning;;
1680671198_151651;monitor;select;66,56662;66,64512;0,0785;;no_warning;;
1680671198_151651;monitor;hover;69,32833;69,48431;0,15598;;no_warning;;
1680671198_151651;monitorpin;beginhighlight;70,13026;77,87117;7,74091;;no_warning;;
1680671198_151651;clipboard;hover;105,1687;105,2805;0,1118;;no_warning;;
1680671198_151651;stickynote;hover;108,0647;108,1984;0,1337;;no_warning;;
1680671198_151651;stickynote;select;108,1984;110,0692;1,8708;;no_warning;;
1680671198_151651;plantselector;select;118,8329;118,855;0,0221;plant;no_warning;;
1680671198_151651;plantselector;hover;102,3064;118,855;16,5486;plant;no_warning;;
1680671198_151651;frame_popup;hover;119,4678;122,0083;2,5405;frame;popup;;
1680671198_151651;paint;hover;122,0083;122,8104;0,8021;frame;popup;;
1680671198_151651;paint;select;122,8104;122,8449;0,0345;frame;popup;;
1680671198_151651;paint;hover;124,1247;125,1718;1,0471;frame;popup;;
1680671198_151651;framepin;entering_pin_time;125,3388;129,9272;4,5884;frame;popup;;
1680671198_151651;easel;hover;134,1244;135,6624;1,538;;no_warning;;
1680671198_151651;easel;select;135,6624;135,6974;0,035;;no_warning;;
1680671198_151651;blackboardpin;beginhighlight;136,097;140,7532;4,6562;;no_warning;;
1680671198_151651;microphone;hover;147,2126;147,5579;0,3453;;no_warning;;
1680671198_151651;microphone;hover;147,6245;147,7807;0,1562;;no_warning;;
1680671198_151651;microphone;hover;148,2929;148,3599;0,067;;no_warning;;
1680671198_151651;microphone;select;148,3599;148,6159;0,256;;no_warning;;
1680671198_151651;light_popup;hover;153,4608;153,8618;0,401;light;popup;;
1680671198_151651;lightswitch;hover;154,4966;154,619;0,1224;light;popup;;
1680671198_151651;lightswitch;select;154,619;154,7856;0,1666;light;popup;;
1675102627_501376;monitor;hover;43,34553;44,8726;1,52707;;no_warning;;
1675102627_501376;monitor;hover;46,32215;46,85115;0,529;;no_warning;;
1675102627_501376;monitor;hover;47,00451;49,97021;2,9657;;no_warning;;
1675102627_501376;lightswitch;hover;51,20939;51,29327;0,08388;light;red;;
1675102627_501376;lightswitch;halo_on;48,96773;51,4465;2,47877;light;red;;
1675102627_501376;lightswitch;hover;52,40696;52,79687;0,38991;light;red;;
1675102627_501376;lightswitch;select;52,79687;53,72947;0,9326;light;red;;
1675102627_501376;lightswitch;hover;53,84072;53,85466;0,01394;light;red;;
1675102627_501376;lightswitch;halo_on;52,42088;53,86843;1,44755;light;red;;
1675102627_501376;monitor;hover;55,7621;55,91556;0,15346;;no_warning;;
1675102627_501376;monitor;hover;55,95683;56,04067;0,08384;;no_warning;;
1675102627_501376;frame;hover;56,20743;56,44408;0,23665;frame;red;;
1675102627_501376;plantselector;select;59,82368;59,8931;0,06942;plant;no_warning;;
1675102627_501376;plantselector;hover;56,84777;59,8931;3,04533;plant;no_warning;;
1675102627_501376;frame;hover;60,68754;60,98063;0,29309;frame;red;;
1675102627_501376;interactablepen;hover;61,30082;64,38982;3,089;pen;no_warning;;
1675102627_501376;lightswitch;halo_on;63,44568;64,93343;1,48775;light;red;;
1675102627_501376;interactablepen;select;64,38982;67,24636;2,85654;pen;no_warning;;
1675102627_501376;monitor;hover;68,51326;70,25286;1,7396;;no_warning;;
1675102627_501376;easel;hover;70,47593;70,48969;0,01376;;no_warning;;
1675102627_501376;easel;hover;70,58731;70,61507;0,02776;;no_warning;;
1675102627_501376;easel;hover;70,62869;71,42255;0,79386;;no_warning;;
1675102627_501376;easel;select;71,42255;71,48042;0,05787;;no_warning;;
1675102627_501376;blackboardpin;beginhighlight;71,93734;79,33745;7,40011;;no_warning;;
1675102627_501376;monitor;hover;80,31215;80,88338;0,57123;;no_warning;;
1675102627_501376;monitor;hover;81,30133;82,37292;1,07159;;no_warning;;
1675102627_501376;monitor;hover;82,4706;83,04206;0,57146;;no_warning;;
1675102627_501376;frame;hover;83,63877;83,65231;0,01354;frame;red;;
1675102627_501376;frame;hover;83,66634;85,7403;2,07396;frame;red;;
1675102627_501376;frame;select;85,7403;85,8386;0,0983;frame;red;;
1675102627_501376;monitor;hover;89,40331;90,30836;0,90505;;no_warning;;
1675102627_501376;framepin;entering_pin_time;86,7984;96,95185;10,15345;frame;red;;
1675102627_501376;monitor;hover;98,30327;98,53979;0,23652;;no_warning;;
1675102627_501376;monitor;hover;98,98555;98,99957;0,01402;;no_warning;;
1675102627_501376;monitor;hover;99,2223;99,30585;0,08355;;no_warning;;
1675102627_501376;monitor;hover;99,38924;100,1973;0,80806;;no_warning;;
1675102627_501376;monitor;select;100,1973;100,2957;0,0984;;no_warning;;
1675102627_501376;monitor;hover;100,8794;100,9073;0,0279;;no_warning;;
1675102627_501376;monitorpin;beginhighlight;101,1858;107,6194;6,4336;;no_warning;;
1675102627_501376;stickynote;hover;110,5429;110,9747;0,4318;;no_warning;;
1675102627_501376;stickynote;select;110,9747;113,3277;2,353;;no_warning;;
1675102627_501376;microphone;hover;118,618;118,8268;0,2088;;no_warning;;
1675102627_501376;microphone;select;118,8268;119,6898;0,863;;no_warning;;
1677250787_832718;monitor;hover;190,7152;191,4152;0,7;;no_warning;;
1677250787_832718;monitor;hover;191,5488;192,3154;0,7666;;no_warning;;
1677250787_832718;monitor;hover;192,5485;208,3818;15,8333;;no_warning;;
1677250787_832718;monitor;hover;208,4151;208,6818;0,2667;;no_warning;;
1677250787_832718;monitor;hover;208,782;209,9484;1,1664;;no_warning;;
1677250787_832718;monitor;hover;210,3485;224,4224;14,0739;;no_warning;;
1677250787_832718;monitor;hover;224,4889;225,1888;0,6999;;no_warning;;
1677250787_832718;monitor;hover;225,7556;225,9554;0,1998;;no_warning;;
1677250787_832718;monitor;hover;226,3556;228,789;2,4334;;no_warning;;
1677250787_832718;monitor;hover;228,8889;233,1556;4,2667;;no_warning;;
1677250787_832718;monitor;hover;233,8556;238,2554;4,3998;;no_warning;;
1677250787_832718;monitor;hover;239,0554;241,9553;2,8999;;no_warning;;
1677250787_832718;monitor;hover;242,4554;261,7886;19,3332;;no_warning;;
1677250787_832718;monitor;hover;262,3887;262,5554;0,1667;;no_warning;;
1677250787_832718;monitor;hover;262,9887;263,0552;0,0665;;no_warning;;
1677250787_832718;interactablepen;hover;268,8218;268,8888;0,067;pen;red;;
1677250787_832718;interactablepen;select;268,8888;272,9551;4,0663;pen;red;;
1677250787_832718;interactablepen;halo_on;264,5219;273,7552;9,2333;pen;red;;
1677250787_832718;monitor;hover;274,5551;275,1218;0,5667;;no_warning;;
1677250787_832718;monitor;hover;278,4218;279,7552;1,3334;;no_warning;;
1677250787_832718;monitor;select;279,7552;279,9221;0,1669;;no_warning;;
1677250787_832718;monitor;hover;288,2553;288,7552;0,4999;;no_warning;;
1677250787_832718;monitor;hover;288,7887;289,1551;0,3664;;no_warning;;
1677250787_832718;monitorpin;beginhighlight;280,4553;300,6553;20,2;;no_warning;;
1677250787_832718;stickynote;hover;310,1214;310,4548;0,3334;;no_warning;;
1677250787_832718;stickynote;select;310,4548;314,3214;3,8666;;no_warning;;
1677250787_832718;stickynote;hover;315,1881;315,7213;0,5332;;no_warning;;
1677250787_832718;stickynote;select;315,7213;318,9215;3,2002;;no_warning;;
1677250787_832718;plantselector;warningstart;325,0881;325,155;0,0669;plant;red;;
1677250787_832718;plantselector;warningstart;325,6881;326,4883;0,8002;plant;red;;
1677250787_832718;plantselector;warningstart;326,555;327,3548;0,7998;plant;red;;
1677250787_832718;plantselector;warningstart;327,3885;328,4548;1,0663;plant;red;;
1677250787_832718;plantselector;warningstart;328,5881;330,988;2,3999;plant;red;;
1677250787_832718;plantselector;warningstart;331,0214;331,1216;0,1002;plant;red;;
1677250787_832718;plantselector;warningstart;331,1882;331,588;0,3998;plant;red;;
1677250787_832718;plantselector;warningstart;331,6212;331,655;0,0338;plant;red;;
1677250787_832718;plantselector;warningstart;331,8546;333,2214;1,3668;plant;red;;
1677250787_832718;plantselector;warningstart;333,255;339,1545;5,8995;plant;red;;
1677250787_832718;plantselector;warningstart;339,2213;339,5547;0,3334;plant;red;;
1677250787_832718;plantselector;warningstart;340,3213;340,5547;0,2334;plant;red;;
1677250787_832718;plantselector;warningstart;340,7545;343,1884;2,4339;plant;red;;
1677250787_832718;plantselector;select;344,0552;344,2881;0,2329;plant;red;;
1677250787_832718;plantselector;hover;325,0881;344,2881;19,2;plant;red;;
1677250787_832718;frame;select;356,1544;356,4544;0,3;frame;no_warning;;
1677250787_832718;framepin;entering_pin_time;356,9877;363,6877;6,7;frame;no_warning;;
1677250787_832718;frame;select;366,0207;366,0565;0,0358;frame;no_warning;;
1677250787_832718;framepin;entering_pin_time;367,721;378,3209;10,5999;frame;no_warning;;
1677250787_832718;frame;select;380,3874;380,4233;0,0359;frame;no_warning;;
1677250787_832718;framepin;entering_pin_time;381,5541;385,3209;3,7668;frame;no_warning;;
1677250787_832718;frame;select;386,954;387,0874;0,1334;frame;no_warning;;
1677250787_832718;frame;select;399,1872;399,4539;0,2667;frame;no_warning;;
1677250787_832718;framepin;entering_pin_time;387,7541;401,4209;13,6668;frame;no_warning;;
1677250787_832718;frame;select;404,2205;404,2871;0,0666;frame;no_warning;;
1677250787_832718;framepin;entering_pin_time;404,9872;443,6869;38,6997;frame;no_warning;;
1677250787_832718;microphone;hover;482,1863;483,3862;1,1999;;no_warning;;
1677250787_832718;microphone;select;483,3862;484,9529;1,5667;;no_warning;;
1677250787_832718;lightswitch;hover;491,6529;492,8861;1,2332;light;no_warning;;
1677250787_832718;lightswitch;select;492,8861;493,2862;0,4001;light;no_warning;;
1677250787_832718;clipboard;select;499,4196;499,4861;0,0665;;no_warning;;
1677250787_832718;easel;hover;506,8527;506,9529;0,1002;;no_warning;;
1677250787_832718;easel;hover;507,1862;508,6528;1,4666;;no_warning;;
1677250787_832718;easel;select;508,6528;508,7195;0,0667;;no_warning;;
1677250787_832718;blackboardpin;beginhighlight;509,8195;515,7528;5,9333;;no_warning;;
1677250787_832718;clipboard;select;543,5856;545,9191;2,3335;;no_warning;;
1677250787_832718;frame;select;557,8858;558,0538;0,168;frame;no_warning;;
1677250787_832718;clipboard;select;562,5522;564,4522;1,9;;no_warning;;
1677250787_832718;framepin;entering_pin_time;567,9189;574,619;6,7001;frame;no_warning;;
1678399864_79943;monitor;hover;87,31804;87,6972;0,37916;;no_warning;;
1678399864_79943;monitor;hover;89,93778;90,30534;0,36756;;no_warning;;
1678399864_79943;monitor;hover;90,34987;90,43923;0,08936;;no_warning;;
1678399864_79943;monitor;hover;91,3306;92,61192;1,28132;;no_warning;;
1678399864_79943;stickynote;select;94,11491;98,26981;4,1549;;no_warning;;
1678399864_79943;stickynote;select;98,89369;99,09433;0,20064;;no_warning;;
1678399864_79943;stickynote;select;99,43949;99,94067;0,50118;;no_warning;;
1678399864_79943;frame;hover;102,2201;102,4207;0,2006;frame;red;;
1678399864_79943;frame;hover;102,4651;103,8366;1,3715;frame;red;;
1678399864_79943;monitor;hover;104,0931;104,4061;0,313;;no_warning;;
1678399864_79943;easel;hover;104,928;105,7863;0,8583;;no_warning;;
1678399864_79943;lightswitch;halo_on;108,9061;109,9421;1,036;light;red;;
1678399864_79943;stickynote;select;109,4854;116,6453;7,1599;;no_warning;;
1678399864_79943;monitor;hover;118,1819;118,3825;0,2006;;no_warning;;
1678399864_79943;monitor;hover;121,3894;121,5011;0,1117;;no_warning;;
1678399864_79943;monitor;hover;122,5257;122,882;0,3563;;no_warning;;
1678399864_79943;frame;hover;123,5047;123,8727;0,368;frame;red;;
1678399864_79943;monitor;hover;123,9958;124,1745;0,1787;;no_warning;;
1678399864_79943;easel;hover;124,3635;127,5717;3,2082;;no_warning;;
1678399864_79943;easel;hover;127,9727;128,4738;0,5011;;no_warning;;
1678399864_79943;easel;select;129,8656;129,9114;0,0458;;no_warning;;
1678399864_79943;blackboardpin;beginhighlight;130,4003;152,653;22,2527;;no_warning;;
1678399864_79943;clipboard;select;156,7073;161,3519;4,6446;;no_warning;;
1678399864_79943;monitor;hover;162,254;162,3985;0,1445;;no_warning;;
1678399864_79943;monitor;hover;162,6976;162,7535;0,0559;;no_warning;;
1678399864_79943;monitor;hover;163,0211;163,0323;0,0112;;no_warning;;
1678399864_79943;lightswitch;hover;163,5667;163,6222;0,0555;light;red;;
1678399864_79943;lightswitch;select;163,6222;164,0568;0,4346;light;red;;
1678399864_79943;lightswitch;halo_on;163,4222;164,2458;0,8236;light;red;;
1678399864_79943;monitor;hover;166,6186;166,7189;0,1003;;no_warning;;
1678399864_79943;monitor;hover;168,6789;170,5727;1,8938;;no_warning;;
1678399864_79943;clipboard;select;167,5429;170,9846;3,4417;;no_warning;;
1678399864_79943;plantselector;select;181,2194;181,4421;0,2227;plant;no_warning;;
1678399864_79943;plantselector;hover;172,1198;181,4421;9,3223;plant;no_warning;;
1678399864_79943;frame;hover;187,9575;189,9741;2,0166;frame;red;;
1678399864_79943;frame;select;189,9741;190,0411;0,067;frame;red;;
1678399864_79943;framepin;entering_pin_time;190,5859;196,6891;6,1032;frame;red;;
1678399864_79943;monitor;hover;201,0006;201,2569;0,2563;;no_warning;;
1678399864_79943;monitor;hover;202,3035;202,8607;0,5572;;no_warning;;
1678399864_79943;monitor;select;202,8607;203,0164;0,1557;;no_warning;;
1678399864_79943;monitorpin;beginhighlight;203,4172;208,6631;5,2459;;no_warning;;
1678399864_79943;interactablepen;hover;212,7843;213,1411;0,3568;pen;no_warning;;
1678399864_79943;interactablepen;hover;213,7645;214,0989;0,3344;pen;no_warning;;
1678399864_79943;lightswitch;halo_on;213,5531;214,6781;1,125;light;red;;
1678399864_79943;interactablepen;select;214,0989;224,1646;10,0657;pen;no_warning;;
1678399864_79943;microphone;hover;230,0127;230,3022;0,2895;;no_warning;;
1678399864_79943;microphone;hover;231,004;231,0376;0,0336;;no_warning;;
1678399864_79943;microphone;hover;231,0485;231,7616;0,7131;;no_warning;;
1678399864_79943;microphone;select;231,7616;232,1067;0,3451;;no_warning;;
1677612284_502091;monitor;hover;46,03809;47,71256;1,67447;;no_warning;;
1677612284_502091;monitor;select;47,71256;47,72617;0,01361;;no_warning;;
1677612284_502091;monitorpin;beginhighlight;48,88166;60,0086;11,12694;;no_warning;;
1677612284_502091;clipboard;hover;62,12341;62,55856;0,43515;;no_warning;;
1677612284_502091;frame;select;62,55856;73,93105;11,37249;frame;no_warning;;
1677612284_502091;frame;select;90,48693;90,49815;0,01122;frame;no_warning;;
1677612284_502091;frame;select;91,85735;91,9017;0,04435;frame;no_warning;;
1677612284_502091;framepin;entering_pin_time;76,7254;94,50856;17,78316;frame;no_warning;;
1677612284_502091;frame;select;95,51153;95,56822;0,05669;frame;no_warning;;
1677612284_502091;framepin;entering_pin_time;96,00161;102,2145;6,21289;frame;no_warning;;
1677612284_502091;easel;hover;107,0819;107,0931;0,0112;;no_warning;;
1677612284_502091;easel;hover;107,1154;108,3073;1,1919;;no_warning;;
1677612284_502091;easel;select;108,3073;108,3884;0,0811;;no_warning;;
1677612284_502091;blackboardpin;beginhighlight;109,0314;112,8842;3,8528;;no_warning;;
1677612284_502091;plantselector;warningstart;116,1452;116,1675;0,0223;plant;scaledown;;
1677612284_502091;plantselector;warningstart;116,1896;116,2567;0,0671;plant;scaledown;;
1677612284_502091;plantselector;warningstart;116,2675;116,3013;0,0338;plant;scaledown;;
1677612284_502091;plantselector;warningstart;116,3127;116,3572;0,0445;plant;scaledown;;
1677612284_502091;plantselector;warningstart;116,3901;116,4017;0,0116;plant;scaledown;;
1677612284_502091;plantselector;warningstart;116,4458;116,5018;0,056;plant;scaledown;;
1677612284_502091;plantselector;warningstart;116,5576;116,7916;0,234;plant;scaledown;;
1677612284_502091;plantselector;warningstart;116,8024;117,7943;0,9919;plant;scaledown;;
1677612284_502091;plantselector;warningstart;117,8168;118,4949;0,6781;plant;scaledown;;
1677612284_502091;plantselector;warningstart;118,506;118,996;0,49;plant;scaledown;;
1677612284_502091;plantselector;warningstart;119,1969;119,2623;0,0654;plant;scaledown;;
1677612284_502091;plantselector;warningstart;119,2844;119,3179;0,0335;plant;scaledown;;
1677612284_502091;plantselector;warningstart;119,3621;119,5183;0,1562;plant;scaledown;;
1677612284_502091;plantselector;warningstart;119,5517;119,6851;0,1334;plant;scaledown;;
1677612284_502091;plantselector;select;120,2205;120,2537;0,0332;plant;scaledown;;
1677612284_502091;plantselector;hover;116,1452;120,2537;4,1085;plant;scaledown;;
1677612284_502091;lightswitch;hover;123,9304;123,953;0,0226;light;no_warning;;
1677612284_502091;lightswitch;hover;124,1202;124,2423;0,1221;light;no_warning;;
1677612284_502091;lightswitch;hover;124,5324;124,7105;0,1781;light;no_warning;;
1677612284_502091;lightswitch;select;124,7105;124,9441;0,2336;light;no_warning;;
1677612284_502091;stickynote;hover;130,567;130,8444;0,2774;;no_warning;;
1677612284_502091;stickynote;select;130,8444;131,0895;0,2451;;no_warning;;
1677612284_502091;stickynote;select;131,2676;135,7339;4,4663;;no_warning;;
1677612284_502091;stickynote;select;136,0793;136,1348;0,0555;;no_warning;;
1677612284_502091;microphone;hover;139,5209;139,6098;0,0889;;no_warning;;
1677612284_502091;microphone;select;139,6098;139,9777;0,3679;;no_warning;;
1677612284_502091;clipboard;hover;144,0643;144,2092;0,1449;;no_warning;;
1678735828_458814;monitor;hover;166,221;166,9002;0,6792;;no_warning;;
1678735828_458814;clipboard;select;168,9305;171,818;2,8875;;no_warning;;
1678735828_458814;lightswitch;hover;173,3584;173,387;0,0286;light;red;;
1678735828_458814;lightswitch;select;173,387;173,5528;0,1658;light;red;;
1678735828_458814;lightswitch;halo_on;173,1232;173,7331;0,6099;light;red;;
1678735828_458814;clipboard;select;175,443;177,5672;2,1242;;no_warning;;
1678735828_458814;lightswitch;halo_on;178,1226;178,372;0,2494;light;red;;
1678735828_458814;interactablepen;hover;178,3446;178,4003;0,0557;pen;no_warning;;
1678735828_458814;lightswitch;halo_on;178,9003;179,0524;0,1521;light;red;;
1678735828_458814;interactablepen;hover;178,8722;179,0807;0,2085;pen;no_warning;;
1678735828_458814;interactablepen;select;179,0807;184,7041;5,6234;pen;no_warning;;
1678735828_458814;monitor;hover;186,2036;186,3564;0,1528;;no_warning;;
1678735828_458814;monitor;hover;191,41;191,7018;0,2918;;no_warning;;
1678735828_458814;monitor;hover;192,2993;192,3961;0,0968;;no_warning;;
1678735828_458814;clipboard;select;193,1318;198,8517;5,7199;;no_warning;;
1678735828_458814;easel;hover;199,2675;200,8925;1,625;;no_warning;;
1678735828_458814;easel;select;200,8925;200,9211;0,0286;;no_warning;;
1678735828_458814;blackboardpin;beginhighlight;201,8365;207,3212;5,4847;;no_warning;;
1678735828_458814;clipboard;select;209,404;214,9293;5,5253;;no_warning;;
1678735828_458814;plantselector;select;221,1353;221,1773;0,042;plant;no_warning;;
1678735828_458814;plantselector;hover;215,9689;221,1773;5,2084;plant;no_warning;;
1678735828_458814;frame;hover;223,0795;223,8158;0,7363;frame;red;;
1678735828_458814;monitor;hover;224,0102;224,1356;0,1254;;no_warning;;
1678735828_458814;clipboard;select;225,4407;230,9668;5,5261;;no_warning;;
1678735828_458814;monitor;hover;231,5221;231,5484;0,0263;;no_warning;;
1678735828_458814;frame;hover;231,8955;231,9234;0,0279;frame;red;;
1678735828_458814;frame;hover;232,3822;233,3392;0,957;frame;red;;
1678735828_458814;frame;select;233,3392;233,367;0,0278;frame;red;;
1678735828_458814;framepin;entering_pin_time;234,0747;241,9472;7,8725;frame;red;;
1678735828_458814;monitor;hover;243,5175;243,5729;0,0554;;no_warning;;
1678735828_458814;clipboard;select;244,1008;248,1824;4,0816;;no_warning;;
1678735828_458814;monitor;hover;248,7657;249,4046;0,6389;;no_warning;;
1678735828_458814;monitor;select;249,4046;249,6951;0,2905;;no_warning;;
1678735828_458814;monitorpin;beginhighlight;250,0279;254,4442;4,4163;;no_warning;;
1678735828_458814;clipboard;select;255,1933;258,3731;3,1798;;no_warning;;
1678735828_458814;clipboard;select;259,4698;259,5951;0,1253;;no_warning;;
1678735828_458814;stickynote;hover;261,0111;261,22;0,2089;;no_warning;;
1678735828_458814;stickynote;select;261,22;264,3854;3,1654;;no_warning;;
1678735828_458814;clipboard;select;266,1481;268,8842;2,7361;;no_warning;;
1678735828_458814;microphone;hover;271,3408;271,3686;0,0278;;no_warning;;
1678735828_458814;microphone;select;271,3686;271,7161;0,3475;;no_warning;;
1674582559_945016;monitor;hover;46,43698;47,65907;1,22209;;no_warning;;
1674582559_945016;monitor;hover;50,79361;50,97663;0,18302;;no_warning;;
1674582559_945016;monitor;hover;51,13565;51,48878;0,35313;;no_warning;;
1674582559_945016;frame;hover;51,63553;52,66392;1,02839;frame;scaleDown;;
1674582559_945016;frame;hover;55,29715;55,73965;0,4425;frame;scaleDown;;
1674582559_945016;monitor;hover;56,11646;56,14091;0,02445;;no_warning;;
1674582559_945016;clipboard;select;56,73479;61,17964;4,44485;;no_warning;;
1674582559_945016;clipboard;select;61,38039;62,01588;0,63549;;no_warning;;
1674582559_945016;frame;hover;65,00471;65,1794;0,17469;frame;scaleDown;;
1674582559_945016;frame;hover;65,18773;65,19648;0,00875;frame;scaleDown;;
1674582559_945016;frame;hover;65,22968;66,69257;1,46289;frame;scaleDown;;
1674582559_945016;easel;hover;67,87064;68,7057;0,83506;;no_warning;;
1674582559_945016;easel;select;68,7057;69,43305;0,72735;;no_warning;;
1674582559_945016;blackboardpin;beginhighlight;53,38219;78,20441;24,82222;;no_warning;;
1674582559_945016;monitor;hover;79,70022;79,8928;0,19258;;no_warning;;
1674582559_945016;monitor;hover;80,11801;80,33525;0,21724;;no_warning;;
1674582559_945016;frame;hover;80,88653;81,07879;0,19226;frame;scaleDown;;
1674582559_945016;monitor;hover;82,93365;83,13411;0,20046;;no_warning;;
1674582559_945016;lightswitch;hover;84,2534;84,33665;0,08325;light;scaleDown;;
1674582559_945016;lightswitch;hover;85,78255;85,80747;0,02492;light;scaleDown;;
1674582559_945016;lightswitch;hover;86,30018;86,36652;0,06634;light;scaleDown;;
1674582559_945016;lightswitch;select;86,36652;86,77612;0,4096;light;scaleDown;;
1674582559_945016;monitor;hover;88,44671;90,93584;2,48913;;no_warning;;
1674582559_945016;frame;hover;91,56155;91,6206;0,05905;frame;scaleDown;;
1674582559_945016;stickynote;hover;91,88774;92,11423;0,22649;;no_warning;;
1674582559_945016;stickynote;select;92,11423;93,66637;1,55214;;no_warning;;
1674582559_945016;monitor;hover;94,41859;94,62801;0,20942;;no_warning;;
1674582559_945016;stickynote;hover;95,00377;95,24598;0,24221;;no_warning;;
1674582559_945016;stickynote;select;95,24598;96,82475;1,57877;;no_warning;;
1674582559_945016;monitor;hover;97,19278;97,4772;0,28442;;no_warning;;
1674582559_945016;monitor;hover;97,76926;98,41254;0,64328;;no_warning;;
1674582559_945016;frame;hover;99,88231;99,97421;0,0919;frame;scaleDown;;
1674582559_945016;plantselector;select;109,6465;109,688;0,0415;plant;no_warning;;
1674582559_945016;plantselector;hover;100,2991;109,688;9,3889;plant;no_warning;;
1674582559_945016;monitor;hover;115,9383;116,2058;0,2675;;no_warning;;
1674582559_945016;frame;hover;116,4896;117,19;0,7004;frame;scaleDown;;
1674582559_945016;frame;select;117,19;117,2234;0,0334;frame;scaleDown;;
1674582559_945016;framepin;entering_pin_time;117,7739;125,677;7,9031;frame;scaleDown;;
1674582559_945016;monitor;hover;130,4488;131,0503;0,6015;;no_warning;;
1674582559_945016;monitor;select;131,0503;131,1092;0,0589;;no_warning;;
1674582559_945016;monitorpin;beginhighlight;131,1172;136,2876;5,1704;;no_warning;;
1674582559_945016;interactablepen;hover;140,5066;140,6984;0,1918;pen;no_warning;;
1674582559_945016;interactablepen;select;140,6984;142,5703;1,8719;pen;no_warning;;
1674582559_945016;microphone;hover;147,1396;147,3403;0,2007;;no_warning;;
1674582559_945016;microphone;select;147,3403;147,4653;0,125;;no_warning;;
1674811334_315888;monitor;hover;114,6967;120,0235;5,3268;;no_warning;;
1674811334_315888;clipboard;hover;120,0235;120,1628;0,1393;;no_warning;;
1674811334_315888;monitor;hover;120,1628;125,2752;5,1124;;no_warning;;
1674811334_315888;clipboard;hover;125,5259;126,6258;1,0999;;no_warning;;
1674811334_315888;clipboard;select;126,6258;127,7532;1,1274;;no_warning;;
1674811334_315888;clipboard;select;129,2567;178,4583;49,2016;;no_warning;;
1674811334_315888;monitor;hover;179,1266;179,4609;0,3343;;no_warning;;
1674811334_315888;easel;hover;179,4885;179,9065;0,418;;no_warning;;
1674811334_315888;easel;hover;179,99;180,0179;0,0279;;no_warning;;
1674811334_315888;easel;hover;180,1286;180,2681;0,1395;;no_warning;;
1674811334_315888;easel;hover;180,4216;180,7278;0,3062;;no_warning;;
1674811334_315888;monitor;hover;188,7056;188,7888;0,0832;;no_warning;;
1674811334_315888;monitor;hover;188,8587;189,0259;0,1672;;no_warning;;
1674811334_315888;monitor;hover;189,4018;189,6242;0,2224;;no_warning;;
1674811334_315888;easel;hover;226,3508;228,3422;1,9914;;no_warning;;
1674811334_315888;easel;select;228,3422;228,523;0,1808;;no_warning;;
1674811334_315888;easel;hover;234,2726;234,5096;0,237;;no_warning;;
1674811334_315888;blackboardpin;beginhighlight;228,9402;235,3725;6,4323;;no_warning;;
1674811334_315888;easel;hover;234,6212;235,3725;0,7513;;no_warning;;
1674811334_315888;lightswitch;hover;242,5703;242,724;0,1537;light;scaleDown;;
1674811334_315888;lightswitch;hover;243,4201;244,6312;1,2111;light;scaleDown;;
1674811334_315888;lightswitch;hover;261,9232;262,1039;0,1807;light;scaleDown;;
1674811334_315888;lightswitch;hover;262,2851;262,4384;0,1533;light;scaleDown;;
1674811334_315888;lightswitch;select;262,4384;263,1617;0,7233;light;scaleDown;;
1674811334_315888;monitor;hover;269,9411;270,2055;0,2644;;no_warning;;
1674811334_315888;stickynote;hover;271,6816;272,5871;0,9055;;no_warning;;
1674811334_315888;stickynote;select;272,5871;277,39;4,8029;;no_warning;;
1674811334_315888;stickynote;hover;274,6325;277,766;3,1335;;no_warning;;
1674811334_315888;monitor;hover;280,801;281,3998;0,5988;;no_warning;;
1674811334_315888;monitor;hover;283,1266;284,1283;1,0017;;no_warning;;
1674811334_315888;monitor;hover;284,5186;284,6569;0,1383;;no_warning;;
1674811334_315888;plantselector;select;288,4997;288,6252;0,1255;plant;no_warning;;
1674811334_315888;plantselector;hover;286,5916;288,6252;2,0336;plant;no_warning;;
1674811334_315888;monitor;hover;291,8555;291,9808;0,1253;;no_warning;;
1674811334_315888;monitor;hover;292,12;293,2062;1,0862;;no_warning;;
1674811334_315888;monitor;hover;299,6654;300,543;0,8776;;no_warning;;
1674811334_315888;frame;select;302,0603;302,2412;0,1809;frame;scaleDown;;
1674811334_315888;framepin;entering_pin_time;302,7836;308,6876;5,904;frame;scaleDown;;
1674811334_315888;frame;select;312,2513;312,3484;0,0971;frame;scaleDown;;
1674811334_315888;framepin;entering_pin_time;312,6554;319,9647;7,3093;frame;scaleDown;;
1674811334_315888;monitor;hover;321,8441;322,4429;0,5988;;no_warning;;
1674811334_315888;monitor;hover;322,6655;322,9715;0,306;;no_warning;;
1674811334_315888;monitor;hover;326,7592;328,0118;1,2526;;no_warning;;
1674811334_315888;monitor;select;328,0118;328,1373;0,1255;;no_warning;;
1674811334_315888;monitorpin;beginhighlight;328,5544;334,0264;5,472;;no_warning;;
1674811334_315888;interactablepen;hover;341,9204;341,9897;0,0693;pen;no_warning;;
1674811334_315888;interactablepen;select;341,9897;346,2916;4,3019;pen;no_warning;;
1674811334_315888;microphone;hover;359,936;359,9778;0,0418;;no_warning;;
1674811334_315888;microphone;select;359,9778;360,799;0,8212;;no_warning;;
1677521133_110104;monitor;hover;87,58497;88,0267;0,44173;;no_warning;;
1677521133_110104;monitor;hover;88,4979;90,25292;1,75502;;no_warning;;
1677521133_110104;frame;hover;90,6021;91,17316;0,57106;frame;no_warning;;
1677521133_110104;monitor;hover;94,60016;95,12865;0,52849;;no_warning;;
1677521133_110104;monitor;hover;96,92681;97,8457;0,91889;;no_warning;;
1677521133_110104;clipboard;hover;99,34918;100,0732;0,72402;;no_warning;;
1677521133_110104;monitor;hover;100,9503;101,0894;0,1391;;no_warning;;
1677521133_110104;monitor;hover;102,3845;102,5235;0,139;;no_warning;;
1677521133_110104;frame;hover;102,8565;103,5522;0,6957;frame;no_warning;;
1677521133_110104;frame;hover;105,0423;105,1821;0,1398;frame;no_warning;;
1677521133_110104;monitor;hover;105,3493;105,5029;0,1536;;no_warning;;
1677521133_110104;easel;hover;106,2123;106,2544;0,0421;;no_warning;;
1677521133_110104;easel;hover;106,3099;109,1364;2,8265;;no_warning;;
1677521133_110104;easel;select;100,0732;109,5396;9,4664;;no_warning;;
1677521133_110104;blackboardpin;beginhighlight;109,8181;114,9139;5,0958;;no_warning;;
1677521133_110104;lightswitch;hover;118,6311;118,6593;0,0282;light;no_warning;;
1677521133_110104;lightswitch;select;118,6593;118,7295;0,0702;light;no_warning;;
1677521133_110104;monitor;hover;121,4018;121,4574;0,0556;;no_warning;;
1677521133_110104;monitor;hover;121,7219;122,3207;0,5988;;no_warning;;
1677521133_110104;stickynote;hover;125,6201;125,9822;0,3621;;no_warning;;
1677521133_110104;stickynote;select;125,9822;126,1489;0,1667;;no_warning;;
1677521133_110104;stickynote;select;126,5392;128,9753;2,4361;;no_warning;;
1677521133_110104;stickynote;select;129,2258;129,7969;0,5711;;no_warning;;
1677521133_110104;monitor;hover;130,3951;130,5205;0,1254;;no_warning;;
1677521133_110104;monitor;hover;131,0774;131,6065;0,5291;;no_warning;;
1677521133_110104;monitor;hover;131,6897;131,9959;0,3062;;no_warning;;
1677521133_110104;plantselector;warningstart;132,6216;132,7393;0,1177;plant;red;;
1677521133_110104;plantselector;warningstart;132,7829;132,8403;0,0574;plant;red;;
1677521133_110104;plantselector;warningstart;132,8824;133,12;0,2376;plant;red;;
1677521133_110104;plantselector;warningstart;133,1758;133,802;0,6262;plant;red;;
1677521133_110104;plantselector;warningstart;133,8294;133,9274;0,098;plant;red;;
1677521133_110104;plantselector;warningstart;134,2067;134,2347;0,028;plant;red;;
1677521133_110104;plantselector;warningstart;134,2481;134,2762;0,0281;plant;red;;
1677521133_110104;plantselector;warningstart;134,2896;134,318;0,0284;plant;red;;
1677521133_110104;plantselector;warningstart;134,3731;134,6935;0,3204;plant;red;;
1677521133_110104;plantselector;warningstart;134,7081;135,098;0,3899;plant;red;;
1677521133_110104;plantselector;warningstart;135,1116;137,8828;2,7712;plant;red;;
1677521133_110104;plantselector;warningstart;137,9102;137,9523;0,0421;plant;red;;
1677521133_110104;plantselector;warningstart;138,3705;138,5375;0,167;plant;red;;
1677521133_110104;plantselector;warningstart;138,593;139,2893;0,6963;plant;red;;
1677521133_110104;plantselector;warningstart;139,3309;139,693;0,3621;plant;red;;
1677521133_110104;plantselector;warningstart;139,7211;139,7772;0,0561;plant;red;;
1677521133_110104;plantselector;select;140,612;140,7376;0,1256;plant;red;;
1677521133_110104;plantselector;hover;132,6216;140,7376;8,116;plant;red;;
1677521133_110104;frame;hover;141,5188;141,5606;0,0418;frame;no_warning;;
1677521133_110104;monitor;hover;141,7835;144,7617;2,9782;;no_warning;;
1677521133_110104;frame;hover;144,9427;145,6808;0,7381;frame;no_warning;;
1677521133_110104;frame;select;145,6808;145,7382;0,0574;frame;no_warning;;
1677521133_110104;frame;hover;146,9619;146,9758;0,0139;frame;no_warning;;
1677521133_110104;framepin;entering_pin_time;146,1674;153,9222;7,7548;frame;no_warning;;
1677521133_110104;monitor;hover;154,9256;156,29;1,3644;;no_warning;;
1677521133_110104;monitor;select;156,29;156,3068;0,0168;;no_warning;;
1677521133_110104;monitor;hover;156,5266;156,6379;0,1113;;no_warning;;
1677521133_110104;monitorpin;beginhighlight;156,8323;160,4947;3,6624;;no_warning;;
1677521133_110104;interactablepen;hover;163,8916;164,0166;0,125;pen;red;;
1677521133_110104;interactablepen;select;164,0166;166,035;2,0184;pen;red;;
1677521133_110104;interactablepen;halo_on;163,725;166,1878;2,4628;pen;red;;
1677521133_110104;interactablepen;hover;169,1255;169,2649;0,1394;pen;red;;
1677521133_110104;interactablepen;select;169,2649;170,4902;1,2253;pen;red;;
1677521133_110104;interactablepen;halo_on;168,8479;170,8662;2,0183;pen;red;;
1677521133_110104;clipboard;hover;172,189;172,4539;0,2649;;no_warning;;
1677521133_110104;clipboard;select;172,4539;173,7348;1,2809;;no_warning;;
1677521133_110104;microphone;hover;174,7789;174,8899;0,111;;no_warning;;
1677516212_955190;monitor;hover;24,24088;24,26818;0,0273;;no_warning;;
1677516212_955190;lightswitch;select;35,08935;59,29974;24,21039;light;no_warning;;
1677516212_955190;stickynote;hover;67,29037;67,41615;0,12578;;no_warning;;
1677516212_955190;stickynote;select;67,41615;75,40775;7,9916;;no_warning;;
1677516212_955190;monitor;hover;80,86461;81,3377;0,47309;;no_warning;;
1677516212_955190;plantselector;warningstart;83,23206;83,2737;0,04164;plant;Blur;;
1677516212_955190;plantselector;select;84,34478;84,37258;0,0278;plant;Blur;;
1677516212_955190;plantselector;hover;83,23206;84,37258;1,14052;plant;Blur;;
1677516212_955190;monitor;hover;86,94895;87,43701;0,48806;;no_warning;;
1677516212_955190;monitor;hover;89,13531;91,4044;2,26909;;no_warning;;
1677516212_955190;monitor;hover;92,14223;92,42088;0,27865;;no_warning;;
1677516212_955190;frame;hover;92,62897;94,5508;1,92183;frame;no_warning;;
1677516212_955190;clipboard;select;88,46732;94,7599;6,29258;;no_warning;;
1677516212_955190;frame;hover;95,17754;95,83061;0,65307;frame;no_warning;;
1677516212_955190;frame;select;95,83061;95,85908;0,02847;frame;no_warning;;
1677516212_955190;frame;hover;96,59692;96,6944;0,09748;frame;no_warning;;
1677516212_955190;monitor;hover;99,04795;99,21526;0,16731;;no_warning;;
1677516212_955190;clipboard;select;97,3632;99,24307;1,87987;;no_warning;;
1677516212_955190;framepin;entering_pin_time;96,44336;106,9416;10,49824;frame;no_warning;;
1677516212_955190;monitor;hover;108,6405;112,4684;3,8279;;no_warning;;
1677516212_955190;clipboard;select;108,2646;114,599;6,3344;;no_warning;;
1677516212_955190;easel;hover;115,5591;116,4505;0,8914;;no_warning;;
1677516212_955190;easel;select;116,4505;116,4939;0,0434;;no_warning;;
1677516212_955190;blackboardpin;beginhighlight;117,0076;127,5044;10,4968;;no_warning;;
1677516212_955190;monitor;hover;131,6395;131,7369;0,0974;;no_warning;;
1677516212_955190;clipboard;select;130,9992;134,6747;3,6755;;no_warning;;
1677516212_955190;clipboard;select;134,8834;134,8975;0,0141;;no_warning;;
1677516212_955190;monitor;select;135,5237;135,5668;0,0431;;no_warning;;
1677516212_955190;monitorpin;beginhighlight;136,2195;141,1344;4,9149;;no_warning;;
1677516212_955190;clipboard;select;143,2088;146,9818;3,773;;no_warning;;
1677516212_955190;clipboard;select;154,1379;156,658;2,5201;;no_warning;;
1677516212_955190;clipboard;select;205,3433;207,9328;2,5895;;no_warning;;
1677516212_955190;microphone;hover;220,7416;221,3678;0,6262;;no_warning;;
1677516212_955190;microphone;hover;221,5073;221,5769;0,0696;;no_warning;;
1677516212_955190;microphone;select;221,5769;221,9806;0,4037;;no_warning;;
1677516212_955190;clipboard;select;245,8707;256,3677;10,497;;no_warning;;
1677516212_955190;interactablepen;hover;270,165;270,4019;0,2369;pen;Blur;;
1677516212_955190;interactablepen;select;270,4019;273,5484;3,1465;pen;Blur;;
1677097055_377007;clipboard;select;44,08755;47,02885;2,9413;;no_warning;;
1677097055_377007;monitor;select;50,44692;51,07127;0,62435;;no_warning;;
1677097055_377007;monitor;select;52,21029;73,03701;20,82672;;no_warning;;
1677097055_377007;monitor;select;73,49527;73,5368;0,04153;;no_warning;;
1677097055_377007;stickynote;hover;75,32741;75,36887;0,04146;;no_warning;;
1677097055_377007;stickynote;hover;75,41078;75,63302;0,22224;;no_warning;;
1677097055_377007;stickynote;select;75,63302;80,65955;5,02653;;no_warning;;
1677097055_377007;stickynote;hover;80,88181;80,9092;0,02739;;no_warning;;
1677097055_377007;stickynote;hover;81,36768;81,52064;0,15296;;no_warning;;
1677097055_377007;monitorpin;beginhighlight;55,76426;84,11697;28,35271;;no_warning;;
1677097055_377007;interactablepen;hover;86,40736;86,67153;0,26417;pen;no_warning;;
1677097055_377007;interactablepen;select;81,82594;88,65686;6,83092;pen;no_warning;;
1677097055_377007;easel;hover;93,00275;93,03011;0,02736;;no_warning;;
1677097055_377007;easel;hover;97,72302;97,90363;0,18061;;no_warning;;
1677097055_377007;frame;select;100,1376;100,1809;0,0433;frame;scaleDown;;
1677097055_377007;frame;select;107,4001;107,4415;0,0414;frame;scaleDown;;
1677097055_377007;frame;select;107,7877;107,8849;0,0972;frame;scaleDown;;
1677097055_377007;framepin;entering_pin_time;100,7621;115,4658;14,7037;frame;scaleDown;;
1677097055_377007;frame;select;116,2572;116,2851;0,0279;frame;scaleDown;;
1677097055_377007;framepin;entering_pin_time;116,673;120,1586;3,4856;frame;scaleDown;;
1677097055_377007;frame;select;122,8102;122,8539;0,0437;frame;scaleDown;;
1677097055_377007;framepin;entering_pin_time;123,1159;126,3232;3,2073;frame;scaleDown;;
1677097055_377007;microphone;hover;131,3646;131,4199;0,0553;;no_warning;;
1677097055_377007;microphone;select;131,4199;131,628;0,2081;;no_warning;;
1677097055_377007;plantselector;select;139,0669;139,1081;0,0412;plant;no_warning;;
1677097055_377007;plantselector;hover;134,1676;139,1081;4,9405;plant;no_warning;;
1677097055_377007;lightswitch;hover;142,1516;142,1934;0,0418;light;scaleDown;;
1677097055_377007;lightswitch;select;142,1934;142,3044;0,111;light;scaleDown;;
1677097055_377007;easel;hover;145,4564;146,9007;1,4443;;no_warning;;
1677097055_377007;easel;select;146,9007;146,9175;0,0168;;no_warning;;
1677097055_377007;blackboardpin;beginhighlight;147,4134;152,1626;4,7492;;no_warning;;
1678211131_946015;monitor;hover;41,3203;42,02611;0,70581;;no_warning;;
1678211131_946015;lightswitch;hover;60,92384;61,84268;0,91884;light;no_warning;;
1678211131_946015;lightswitch;select;61,84268;62,2038;0,36112;light;no_warning;;
1678211131_946015;plantselector;warningstart;71,00265;71,1814;0,17875;plant;red;;
1678211131_946015;plantselector;warningstart;71,65504;72,22586;0,57082;plant;red;;
1678211131_946015;plantselector;warningstart;72,23969;72,9363;0,69661;plant;red;;
1678211131_946015;plantselector;warningstart;72,95016;75,01089;2,06073;plant;red;;
1678211131_946015;plantselector;warningstart;75,02499;76,04174;1,01675;plant;red;;
1678211131_946015;plantselector;warningstart;76,05559;77,28051;1,22492;plant;red;;
1678211131_946015;plantselector;warningstart;77,29445;78,03249;0,73804;plant;red;;
1678211131_946015;plantselector;warningstart;78,06053;78,18578;0,12525;plant;red;;
1678211131_946015;frame;hover;78,45068;78,60405;0,15337;frame;no_warning;;
1678211131_946015;monitor;hover;78,95284;79,57974;0,6269;;no_warning;;
1678211131_946015;plantselector;warningstart;82,26574;82,7383;0,47256;plant;red;;
1678211131_946015;plantselector;select;83,5596;83,65745;0,09785;plant;red;;
1678211131_946015;plantselector;hover;71,00265;83,65745;12,6548;plant;red;;
1678211131_946015;monitor;hover;88,23917;88,46204;0,22287;;no_warning;;
1678211131_946015;interactablepen;hover;90,31263;90,77198;0,45935;pen;red;;
1678211131_946015;interactablepen;select;90,77198;93,24915;2,47717;pen;red;;
1678211131_946015;interactablepen;halo_on;90,20197;93,9039;3,70193;pen;red;;
1678211131_946015;monitor;hover;102,8986;103,4973;0,5987;;no_warning;;
1678211131_946015;frame;hover;103,7611;103,8862;0,1251;frame;no_warning;;
1678211131_946015;frame;hover;105,362;105,5154;0,1534;frame;no_warning;;
1678211131_946015;monitor;hover;105,8224;106,1565;0,3341;;no_warning;;
1678211131_946015;easel;hover;106,6714;107,994;1,3226;;no_warning;;
1678211131_946015;easel;select;107,994;108,106;0,112;;no_warning;;
1678211131_946015;blackboardpin;beginhighlight;108,7733;112,5749;3,8016;;no_warning;;
1678211131_946015;frame;hover;119,9944;121,345;1,3506;frame;no_warning;;
1678211131_946015;frame;select;121,345;121,4572;0,1122;frame;no_warning;;
1678211131_946015;framepin;entering_pin_time;122,0126;126,594;4,5814;frame;no_warning;;
1678211131_946015;monitor;hover;131,7592;133,04;1,2808;;no_warning;;
1678211131_946015;monitor;select;133,04;133,0973;0,0573;;no_warning;;
1678211131_946015;monitor;hover;133,318;133,6937;0,3757;;no_warning;;
1678211131_946015;monitorpin;beginhighlight;133,8749;137,3697;3,4948;;no_warning;;
1678211131_946015;stickynote;select;144,6367;148,2846;3,6479;;no_warning;;
1678211131_946015;stickynote;select;149,7045;152,2655;2,561;;no_warning;;
1678211131_946015;stickynote;select;153,4768;155,9964;2,5196;;no_warning;;
1678211131_946015;stickynote;select;157,2491;160,4374;3,1883;;no_warning;;
1678211131_946015;microphone;hover;170,253;170,5036;0,2506;;no_warning;;
1674836730_168563;monitor;hover;80,55695;82,22091;1,66396;;no_warning;;
1674836730_168563;clipboard;hover;83,11107;83,26448;0,15341;;no_warning;;
1674836730_168563;monitor;hover;85,74478;86,08038;0,3356;;no_warning;;
1674836730_168563;frame;hover;86,22901;87,80325;1,57424;frame;Blur;;
1674836730_168563;monitor;hover;89,22439;89,23853;0,01414;;no_warning;;
1674836730_168563;monitor;hover;89,61398;90,36559;0,75161;;no_warning;;
1674836730_168563;frame;hover;90,57492;91,3129;0,73798;frame;Blur;;
1674836730_168563;monitor;hover;91,50747;91,54891;0,04144;;no_warning;;
1674836730_168563;monitor;hover;91,63263;91,93918;0,30655;;no_warning;;
1674836730_168563;frame;hover;92,0647;92,55202;0,48732;frame;Blur;;
1674836730_168563;monitor;hover;92,64923;92,91475;0,26552;;no_warning;;
1674836730_168563;easel;select;83,26448;94,51485;11,25037;;no_warning;;
1674836730_168563;blackboardpin;beginhighlight;94,96015;102,7572;7,79705;;no_warning;;
1674836730_168563;monitor;hover;104,1079;104,9429;0,835;;no_warning;;
1674836730_168563;frame;hover;105,1796;105,542;0,3624;frame;Blur;;
1674836730_168563;lightswitch;hover;108,451;108,5628;0,1118;light;Blur;;
1674836730_168563;lightswitch;select;108,5628;108,7996;0,2368;light;Blur;;
1674836730_168563;stickynote;hover;114,6465;114,8832;0,2367;;no_warning;;
1674836730_168563;stickynote;select;114,8832;116,7632;1,88;;no_warning;;
1674836730_168563;stickynote;select;117,5285;119,1291;1,6006;;no_warning;;
1674836730_168563;stickynote;hover;119,6718;119,9372;0,2654;;no_warning;;
1674836730_168563;stickynote;select;119,9372;122,0528;2,1156;;no_warning;;
1674836730_168563;monitor;hover;122,902;122,9856;0,0836;;no_warning;;
1674836730_168563;frame;hover;123,4307;123,5566;0,1259;frame;Blur;;
1674836730_168563;plantselector;select;134,5816;134,6232;0,0416;plant;no_warning;;
1674836730_168563;plantselector;hover;112,279;134,6232;22,3442;plant;no_warning;;
1674836730_168563;monitor;hover;137,2687;137,5891;0,3204;;no_warning;;
1674836730_168563;monitor;hover;137,7006;137,7979;0,0973;;no_warning;;
1674836730_168563;monitor;hover;137,8815;138,2433;0,3618;;no_warning;;
1674836730_168563;frame;hover;138,4238;143,6169;5,1931;frame;Blur;;
1674836730_168563;frame;select;143,6169;143,6334;0,0165;frame;Blur;;
1674836730_168563;frame;hover;145,5932;145,9278;0,3346;frame;Blur;;
1674836730_168563;frame;hover;150,3404;150,7446;0,4042;frame;Blur;;
1674836730_168563;framepin;entering_pin_time;144,0892;151,4965;7,4073;frame;Blur;;
1674836730_168563;monitor;hover;153,6129;154,9777;1,3648;;no_warning;;
1674836730_168563;monitor;hover;156,0491;161,6184;5,5693;;no_warning;;
1674836730_168563;monitor;select;161,6184;161,662;0,0436;;no_warning;;
1674836730_168563;monitorpin;beginhighlight;162,2021;165,8912;3,6891;;no_warning;;
1674836730_168563;clipboard;hover;168,3697;168,5793;0,2096;;no_warning;;
1674836730_168563;interactablepen;hover;172,6019;172,741;0,1391;pen;no_warning;;
1674836730_168563;interactablepen;select;168,5793;175,1637;6,5844;pen;no_warning;;
1674836730_168563;microphone;hover;181,2747;181,4141;0,1394;;no_warning;;
1674836730_168563;microphone;select;181,4141;181,7064;0,2923;;no_warning;;
1674836730_168563;clipboard;hover;185,646;185,7711;0,1251;;no_warning;;
1678188826_569145;monitor;hover;101,8521;104,1073;2,2552;;no_warning;;
1678188826_569145;monitor;hover;104,9993;105,5146;0,5153;;no_warning;;
1678188826_569145;monitor;hover;107,3525;113,9381;6,5856;;no_warning;;
1678188826_569145;monitor;select;105,9188;113,9664;8,0476;;no_warning;;
1678188826_569145;monitor;hover;114,2023;114,9821;0,7798;;no_warning;;
1678188826_569145;stickynote;hover;115,5526;116,1656;0,613;;no_warning;;
1678188826_569145;clipboard;select;116,4444;117,5859;1,1415;;no_warning;;
1678188826_569145;stickynote;hover;117,7808;118,1831;0,4023;;no_warning;;
1678188826_569145;monitorpin;beginhighlight;115,2608;122,9039;7,6431;;no_warning;;
1678188826_569145;stickynote;select;118,1831;128,4872;10,3041;;no_warning;;
1678188826_569145;interactablepen;hover;136,3911;136,5172;0,1261;pen;red;;
1678188826_569145;interactablepen;select;136,5172;141,3076;4,7904;pen;red;;
1678188826_569145;interactablepen;halo_on;136,1137;141,7676;5,6539;pen;red;;
1678188826_569145;easel;select;147,9758;148,0039;0,0281;;no_warning;;
1678188826_569145;frame;hover;157,3727;157,7628;0,3901;frame;no_warning;;
1678188826_569145;frame;select;150,4132;157,7906;7,3774;frame;no_warning;;
1678188826_569145;framepin;entering_pin_time;148,4488;164,4184;15,9696;frame;no_warning;;
1678188826_569145;microphone;hover;168,9296;169,0555;0,1259;;no_warning;;
1678188826_569145;microphone;select;169,0555;169,3618;0,3063;;no_warning;;
1678188826_569145;plantselector;warningstart;176,099;176,1869;0,0879;plant;red;;
1678188826_569145;plantselector;warningstart;176,4164;176,4451;0,0287;plant;red;;
1678188826_569145;plantselector;warningstart;176,4586;176,4865;0,0279;plant;red;;
1678188826_569145;plantselector;warningstart;176,5;176,5559;0,0559;plant;red;;
1678188826_569145;plantselector;warningstart;176,5691;176,5836;0,0145;plant;red;;
1678188826_569145;plantselector;warningstart;176,7652;177,0436;0,2784;plant;red;;
1678188826_569145;plantselector;warningstart;177,0578;178,5309;1,4731;plant;red;;
1678188826_569145;plantselector;warningstart;178,5591;178,6018;0,0427;plant;red;;
1678188826_569145;plantselector;warningstart;179,0752;179,1033;0,0281;plant;red;;
1678188826_569145;plantselector;select;179,6186;179,7163;0,0977;plant;red;;
1678188826_569145;plantselector;hover;176,099;179,7163;3,6173;plant;red;;
1678188826_569145;lightswitch;hover;183,7011;184,105;0,4039;light;no_warning;;
1678188826_569145;lightswitch;select;184,105;184,1479;0,0429;light;no_warning;;
1678188826_569145;blackboardpin;beginhighlight;187,6271;193,3356;5,7085;;no_warning;;
1675259131_572466;monitor;hover;31,88576;32,16941;0,28365;;no_warning;;
1675259131_572466;monitor;hover;32,70269;32,80279;0,1001;;no_warning;;
1675259131_572466;clipboard;hover;34,20268;34,86111;0,65843;;no_warning;;
1675259131_572466;monitor;hover;35,76982;36,21936;0,44954;;no_warning;;
1675259131_572466;monitor;hover;38,41874;38,57713;0,15839;;no_warning;;
1675259131_572466;monitor;hover;44,06546;44,50645;0,44099;;no_warning;;
1675259131_572466;frame;hover;66,60118;67,03462;0,43344;frame;no_warning;;
1675259131_572466;frame;hover;67,08443;67,14272;0,05829;frame;no_warning;;
1675259131_572466;stickynote;select;34,86111;68,13434;33,27323;;no_warning;;
1675259131_572466;frame;hover;68,28407;68,98409;0,70002;frame;no_warning;;
1675259131_572466;stickynote;select;69,25903;70,36708;1,10805;;no_warning;;
1675259131_572466;frame;hover;70,95834;72,58282;1,62448;frame;no_warning;;
1675259131_572466;frame;hover;73,29926;74,90717;1,60791;frame;no_warning;;
1675259131_572466;stickynote;select;75,4324;77,24053;1,80813;;no_warning;;
1675259131_572466;monitor;hover;78,38953;78,39785;0,00832;;no_warning;;
1675259131_572466;monitor;hover;78,40607;78,62258;0,21651;;no_warning;;
1675259131_572466;monitor;hover;78,68123;79,03131;0,35008;;no_warning;;
1675259131_572466;monitor;hover;79,04749;81,28992;2,24243;;no_warning;;
1675259131_572466;monitor;select;81,28992;81,31533;0,02541;;no_warning;;
1675259131_572466;monitor;hover;82,04703;82,54717;0,50014;;no_warning;;
1675259131_572466;monitorpin;beginhighlight;81,88081;95,49394;13,61313;;no_warning;;
1675259131_572466;frame;hover;96,16904;96,3524;0,18336;frame;no_warning;;
1675259131_572466;interactablepen;hover;102,5004;102,6838;0,1834;pen;Blur;;
1675259131_572466;interactablepen;select;102,6838;105,35;2,6662;pen;Blur;;
1675259131_572466;frame;hover;111,6965;114,3296;2,6331;frame;no_warning;;
1675259131_572466;frame;select;114,3296;114,3719;0,0423;frame;no_warning;;
1675259131_572466;framepin;entering_pin_time;115,1042;121,0854;5,9812;frame;no_warning;;
1675259131_572466;microphone;hover;126,3109;126,4023;0,0914;;no_warning;;
1675259131_572466;microphone;select;126,4023;126,5525;0,1502;;no_warning;;
1675259131_572466;plantselector;warningstart;130,725;131,275;0,55;plant;Blur;;
1675259131_572466;plantselector;warningstart;131,2834;131,3664;0,083;plant;Blur;;
1675259131_572466;plantselector;warningstart;131,3749;131,3917;0,0168;plant;Blur;;
1675259131_572466;plantselector;warningstart;131,4167;131,4415;0,0248;plant;Blur;;
1675259131_572466;plantselector;warningstart;131,4579;131,7498;0,2919;plant;Blur;;
1675259131_572466;plantselector;warningstart;131,7581;135,9643;4,2062;plant;Blur;;
1675259131_572466;plantselector;warningstart;135,973;135,9977;0,0247;plant;Blur;;
1675259131_572466;plantselector;select;136,7146;136,7476;0,033;plant;Blur;;
1675259131_572466;plantselector;hover;130,725;136,7476;6,0226;plant;Blur;;
1675259131_572466;lightswitch;hover;142,2646;142,3564;0,0918;light;no_warning;;
1675259131_572466;lightswitch;select;142,3564;142,5227;0,1663;light;no_warning;;
1675259131_572466;easel;hover;146,6218;147,7213;1,0995;;no_warning;;
1675259131_572466;easel;select;147,7213;147,7554;0,0341;;no_warning;;
1675259131_572466;blackboardpin;beginhighlight;148,3376;151,3872;3,0496;;no_warning;;
1678397887_112896;monitor;hover;28,0655;29,0372;0,9717;;no_warning;;
1678397887_112896;monitor;hover;29,06475;29,83097;0,76622;;no_warning;;
1678397887_112896;monitor;hover;29,88758;30,0123;0,12472;;no_warning;;
1678397887_112896;monitor;hover;30,89;33,20299;2,31299;;no_warning;;
1678397887_112896;clipboard;select;30,33324;33,64811;3,31487;;no_warning;;
1678397887_112896;lightswitch;hover;36,6556;36,75249;0,09689;light;scaleDown;;
1678397887_112896;lightswitch;hover;36,97546;37,69948;0,72402;light;scaleDown;;
1678397887_112896;lightswitch;select;37,69948;38,50694;0,80746;light;scaleDown;;
1678397887_112896;clipboard;select;42,18257;44,80016;2,61759;;no_warning;;
1678397887_112896;monitor;hover;45,17595;45,45397;0,27802;;no_warning;;
1678397887_112896;frame;hover;45,57966;45,71886;0,1392;frame;scaleDown;;
1678397887_112896;plantselector;select;51,08935;51,13164;0,04229;plant;no_warning;;
1678397887_112896;plantselector;hover;46,0798;51,13164;5,05184;plant;no_warning;;
1678397887_112896;interactablepen;hover;55,6298;56,03362;0,40382;pen;no_warning;;
1678397887_112896;interactablepen;select;56,03362;58,05296;2,01934;pen;no_warning;;
1678397887_112896;easel;hover;62,66032;64,13312;1,4728;;no_warning;;
1678397887_112896;easel;select;64,13312;64,17676;0,04364;;no_warning;;
1678397887_112896;blackboardpin;beginhighlight;64,69025;71,7648;7,07455;;no_warning;;
1678397887_112896;monitor;hover;73,12926;73,29654;0,16728;;no_warning;;
1678397887_112896;clipboard;select;74,1316;77,02778;2,89618;;no_warning;;
1678397887_112896;monitor;hover;77,50092;77,77881;0,27789;;no_warning;;
1678397887_112896;frame;hover;77,97412;79,04607;1,07195;frame;scaleDown;;
1678397887_112896;frame;select;79,04607;79,08998;0,04391;frame;scaleDown;;
1678397887_112896;framepin;entering_pin_time;79,83941;86,98061;7,1412;frame;scaleDown;;
1678397887_112896;monitor;hover;89,66816;90,0297;0,36154;;no_warning;;
1678397887_112896;monitor;select;90,0297;90,12817;0,09847;;no_warning;;
1678397887_112896;monitorpin;beginhighlight;90,68394;95,62699;4,94305;;no_warning;;
1678397887_112896;stickynote;select;98,20249;99,52537;1,32288;;no_warning;;
1678397887_112896;microphone;hover;103,2971;103,478;0,1809;;no_warning;;
1678397887_112896;microphone;select;103,478;104,1321;0,6541;;no_warning;;
1678273456_383378;monitor;hover;32,29263;32,58375;0,29112;;no_warning;;
1678273456_383378;stickynote;hover;35,83302;36,05578;0,22276;;no_warning;;
1678273456_383378;monitor;hover;37,80426;37,846;0,04174;;no_warning;;
1678273456_383378;stickynote;select;36,05578;39,16556;3,10978;;no_warning;;
1678273456_383378;monitor;hover;39,77622;39,80416;0,02794;;no_warning;;
1678273456_383378;stickynote;hover;39,80416;39,99859;0,19443;;no_warning;;
1678273456_383378;stickynote;select;39,99859;40,52629;0,5277;;no_warning;;
1678273456_383378;monitor;hover;40,95686;41,03997;0,08311;;no_warning;;
1678273456_383378;clipboard;hover;41,70647;41,98428;0,27781;;no_warning;;
1678273456_383378;clipboard;select;41,98428;42,94221;0,95793;;no_warning;;
1678273456_383378;stickynote;hover;44,16407;44,58062;0,41655;;no_warning;;
1678273456_383378;stickynote;select;44,58062;45,62217;1,04155;;no_warning;;
1678273456_383378;lightswitch;hover;46,20527;48,36919;2,16392;light;no_warning;;
1678273456_383378;lightswitch;select;48,36919;48,5495;0,18031;light;no_warning;;
1678273456_383378;monitor;hover;51,95327;52,3421;0,38883;;no_warning;;
1678273456_383378;frame;hover;52,85427;53,71536;0,86109;frame;no_warning;;
1678273456_383378;plantselector;warningstart;54,11832;54,13327;0,01495;plant;popup;;
1678273456_383378;plant_popup;hover;54,11832;55,61753;1,49921;plant;popup;;
1678273456_383378;plantselector;warningstart;55,6446;56,03391;0,38931;plant;popup;;
1678273456_383378;plantselector;warningstart;56,06221;56,10356;0,04135;plant;popup;;
1678273456_383378;plantselector;warningstart;56,11754;56,67223;0,55469;plant;popup;;
1678273456_383378;plantselector;warningstart;56,71422;56,75612;0,0419;plant;popup;;
1678273456_383378;plantselector;warningstart;56,76943;56,82594;0,05651;plant;popup;;
1678273456_383378;plantselector;warningstart;56,93645;57,6436;0,70715;plant;popup;;
1678273456_383378;plantselector;warningstart;57,65773;57,74079;0,08306;plant;popup;;
1678273456_383378;plantselector;warningstart;57,7555;57,79637;0,04087;plant;popup;;
1678273456_383378;plantselector;select;59,17129;59,18613;0,01484;plant;popup;;
1678273456_383378;plantselector;hover;55,6446;59,18613;3,54153;plant;popup;;
1678273456_383378;pen_popup;beginhighlight;64,30645;64,82128;0,51483;pen;popup;;
1678273456_383378;pen_popup;open;63,49839;64,82128;1,32289;pen;popup;;
1678273456_383378;interactablepen;hover;65,39048;65,62726;0,23678;pen;popup;;
1678273456_383378;interactablepen;select;65,62726;69,69762;4,07036;pen;popup;;
1678273456_383378;monitor;hover;70,57161;70,94698;0,37537;;no_warning;;
1678273456_383378;monitor;hover;74,94579;76,59756;1,65177;;no_warning;;
1678273456_383378;monitor;select;76,59756;76,62537;0,02781;;no_warning;;
1678273456_383378;monitor;hover;77,4024;77,52737;0,12497;;no_warning;;
1678273456_383378;monitor;hover;77,61006;77,76347;0,15341;;no_warning;;
1678273456_383378;monitorpin;beginhighlight;77,9022;84,81711;6,91491;;no_warning;;
1678273456_383378;microphone;hover;89,87066;89,95457;0,08391;;no_warning;;
1678273456_383378;microphone;select;89,95457;90,23174;0,27717;;no_warning;;
1678273456_383378;easel;hover;94,09084;94,32717;0,23633;;no_warning;;
1678273456_383378;easel;hover;94,54881;97,50681;2,958;;no_warning;;
1678273456_383378;easel;select;97,50681;97,52396;0,01715;;no_warning;;
1678273456_383378;blackboardpin;beginhighlight;97,97806;103,3101;5,33204;;no_warning;;
1678273456_383378;frame;hover;105,7956;107,1562;1,3606;frame;no_warning;;
1678273456_383378;frame;select;107,1562;107,1839;0,0277;frame;no_warning;;
1678273456_383378;framepin;entering_pin_time;107,6686;113,8621;6,1935;frame;no_warning;;